Recency,Income,MntGoldProds,NumCatalogPurchases,NumWebVisitsMonth,MntFruits,NumStorePurchases,MntSweetProducts,Year_Birth,Response
0,84835,218,4,1,104,6,189,1970,1
0,57091,37,3,5,5,7,0,1961,1
0,67267,30,2,2,11,5,2,1958,0
0,32474,0,0,7,0,2,0,1967,0
0,21474,34,1,7,16,2,0,1989,1
0,71691,43,7,2,130,5,32,1958,1
0,63564,65,10,6,80,7,34,1954,1
0,44931,7,1,5,0,3,0,1967,0
0,65324,5,2,4,0,9,32,1954,0
0,65324,5,2,4,0,9,32,1954,0
0,81044,26,6,1,26,10,98,1947,0
0,62499,4,1,4,4,6,13,1979,0
0,67786,102,6,1,82,6,20,1959,1
0,26872,32,1,6,10,2,16,1981,0
0,4428,321,0,1,4,0,4,1969,0
0,54809,22,1,4,6,5,13,1977,0
0,54809,22,1,4,6,5,13,1977,1
0,32173,2,0,4,0,3,0,1958,0
0,47823,10,0,8,1,3,1,1960,0
0,30523,5,0,7,0,2,0,1958,0
0,36634,30,2,7,9,5,3,1954,0
0,43456,7,1,5,11,8,7,1966,0
0,40662,23,1,4,2,3,4,1979,0
0,49544,23,1,7,0,8,0,1976,0
0,57731,44,8,6,21,6,8,1969,0
0,33168,3,1,7,1,4,1,1965,0
0,54450,32,2,8,0,8,19,1956,0
0,54450,32,2,8,0,8,19,1956,0
1,35340,5,0,5,0,3,1,1956,0
1,73170,32,4,2,174,6,30,1975,0
1,65808,10,1,6,7,5,7,1971,0
1,79529,197,8,2,42,9,197,1986,0
1,34578,0,0,6,0,2,0,1972,0
1,46374,17,1,8,0,7,0,1974,1
1,18351,7,0,7,12,3,14,1990,0
1,95169,20,3,1,21,4,20,1987,1
1,65370,29,3,1,22,13,89,1984,0
1,39228,3,0,4,1,3,3,1960,0
1,84865,16,4,4,16,9,16,1961,1
1,61314,172,5,3,0,12,172,1968,0
1,21359,10,0,8,2,3,1,1972,1
1,66465,14,9,6,0,12,29,1955,0
1,81698,45,2,5,45,5,160,1983,1
1,39146,12,0,8,1,4,12,1986,0
1,25959,26,2,6,2,2,5,1970,1
1,64260,30,5,3,169,4,0,1961,1
1,32300,6,0,8,3,3,5,1973,0
1,74806,9,4,4,9,5,28,1965,0
1,72967,125,2,5,35,8,0,1970,1
1,48904,27,2,8,10,4,13,1960,0
1,14796,16,0,9,3,3,4,1984,1
1,66991,12,8,3,36,6,60,1954,0
2,52195,1,0,8,0,2,0,1978,0
2,90369,17,6,1,51,6,23,1956,1
2,18393,4,0,8,10,3,0,1974,0
2,47139,23,1,7,0,2,2,1952,1
2,38576,0,0,7,0,3,0,1973,0
2,61905,13,2,5,0,4,2,1975,0
2,83715,8,8,0,8,13,35,1962,0
2,60597,66,2,7,0,8,16,1964,1
2,6560,262,0,17,11,1,3,1982,0
2,48330,0,0,5,0,3,0,1961,0
2,38236,10,0,7,0,4,0,1968,0
2,22701,5,0,5,4,3,4,1977,0
2,53367,11,1,7,7,8,3,1974,1
2,34728,6,1,6,0,2,0,1986,1
2,63915,15,3,5,7,12,0,1956,0
2,82504,54,6,1,50,7,35,1960,0
2,38578,3,0,8,4,3,3,1972,1
2,38578,3,0,8,4,3,3,1972,0
2,79174,129,6,2,37,7,92,1975,1
2,81975,27,3,7,76,4,138,1962,0
2,43263,102,2,5,6,6,10,1977,0
2,27242,39,0,9,17,3,1,1970,1
2,76445,35,5,6,107,13,80,1971,0
2,75276,21,4,5,105,9,42,1965,0
2,34213,26,1,9,4,2,3,1963,1
2,72335,0,4,8,105,8,21,1976,1
2,79143,32,9,3,37,13,167,1964,0
2,27469,0,0,6,1,3,2,1947,0
3,68695,40,4,2,81,7,50,1969,0
3,68695,40,4,2,81,7,50,1969,0
3,50388,34,1,7,6,6,3,1957,1
3,77622,14,3,3,7,11,0,1970,0
3,46102,1,0,7,0,2,0,1962,0
3,31859,11,0,7,4,3,8,1980,0
3,23830,16,0,7,8,3,8,1987,0
3,24639,1,0,6,3,4,4,1973,0
3,71604,97,3,4,53,5,75,1945,1
3,27255,2,0,7,1,3,1,1984,0
3,55375,14,1,2,11,6,28,1977,0
3,77037,10,7,3,96,12,53,1960,0
3,24163,2,0,4,1,3,1,1970,0
3,69476,67,6,2,86,4,9,1969,0
3,72063,90,2,2,32,12,32,1979,0
3,58646,22,1,4,1,4,5,1962,0
3,58646,22,1,4,1,4,5,1962,0
3,47570,31,2,7,1,2,2,1949,1
3,80011,102,6,4,76,5,178,1980,0
3,54998,8,2,4,22,9,30,1956,1
3,60200,26,2,6,19,11,6,1948,0
3,63211,145,8,2,193,7,26,1982,1
3,48432,42,1,8,3,6,3,1973,1
3,48432,42,1,8,3,6,3,1973,0
3,48432,42,1,8,3,6,3,1973,1
3,62845,34,4,8,0,10,0,1949,0
3,62845,34,4,8,0,10,0,1949,1
3,65220,12,4,6,63,7,25,1965,1
3,74214,33,2,5,83,5,99,1990,0
4,96547,62,6,2,21,8,101,1980,1
4,53863,30,1,7,4,7,4,1955,0
4,50447,27,1,6,7,3,3,1970,0
4,37716,41,1,7,1,3,2,1953,0
4,45203,24,1,6,3,3,8,1982,1
4,37368,10,0,6,2,2,2,1975,0
4,67225,143,2,5,35,11,7,1955,0
4,65104,50,5,7,0,7,20,1976,1
4,65104,50,5,7,0,7,20,1976,0
4,81698,47,8,1,28,13,123,1949,1
4,70566,21,5,3,28,9,28,1968,0
4,69096,109,2,4,49,10,82,1958,0
4,71434,168,4,4,36,7,96,1962,0
4,33039,12,0,5,8,4,8,1978,0
4,33039,12,0,5,8,4,8,1978,0
4,46610,125,1,6,10,6,10,1958,0
4,49967,3,1,7,6,5,12,1958,0
4,53359,41,1,7,4,4,6,1976,0
4,49505,28,2,8,0,8,0,1971,0
4,68657,22,5,7,34,9,68,1946,0
4,72071,150,4,2,69,8,138,1954,0
4,72071,150,4,2,69,8,138,1954,0
4,59235,91,2,7,40,12,0,1967,0
4,21994,3,0,5,0,3,1,1957,0
4,21994,3,0,5,0,3,1,1957,0
4,7500,53,2,9,42,8,37,1957,0
4,69209,128,3,4,32,6,48,1972,0
5,31928,5,0,7,4,4,2,1989,0
5,74004,48,6,3,48,4,176,1987,1
5,30390,20,0,6,12,3,1,1987,0
5,21355,31,1,6,13,2,5,1985,1
5,26304,4,0,7,1,2,0,1969,0
5,85710,33,9,2,20,10,30,1989,0
5,102692,148,9,2,148,13,172,1974,1
5,58350,80,3,6,26,12,80,1971,0
5,7500,25,1,6,5,3,4,1978,0
5,18890,15,1,6,4,2,2,1984,1
5,20425,17,0,7,12,3,16,1986,0
5,20425,17,0,7,12,3,16,1986,0
5,41437,1,0,7,0,3,0,1957,0
5,49912,42,5,8,8,7,49,1949,1
5,49912,42,5,8,8,7,49,1949,1
6,79823,43,9,2,73,7,73,1959,0
6,85683,51,4,1,17,10,69,1954,1
6,47025,1,0,7,0,2,0,1965,0
6,68397,80,9,3,80,5,13,1976,0
6,38175,3,1,7,6,4,3,1984,0
6,46423,8,0,7,0,4,0,1972,0
6,46423,8,0,7,0,4,0,1972,0
6,30560,7,0,7,1,3,5,1976,0
6,30560,7,0,7,1,3,5,1976,0
6,60152,91,4,3,83,12,58,1979,0
6,29672,8,0,6,1,3,4,1965,0
6,29672,8,0,6,1,3,4,1965,0
6,70321,191,5,4,23,13,26,1947,1
6,56181,48,2,4,103,7,44,1962,0
6,24279,108,1,8,36,3,62,1990,0
6,68462,48,3,1,64,8,128,1969,0
6,55424,107,5,6,61,9,53,1976,1
6,49094,69,3,6,0,6,8,1973,0
6,59184,66,6,5,142,12,151,1961,0
6,67430,121,5,6,97,12,133,1987,0
6,30522,26,2,2,8,9,11,1960,0
7,31878,23,0,3,4,4,5,1977,0
7,83528,147,10,1,117,8,44,1992,1
7,90300,57,6,1,134,8,134,1979,0
7,68092,48,6,5,60,10,36,1978,0
7,53761,71,4,5,0,3,7,1972,0
7,52845,64,8,6,25,6,41,1973,0
7,24027,5,0,8,7,3,0,1976,0
7,7500,21,2,7,8,2,8,1979,0
7,42586,0,1,8,2,6,0,1955,1
7,42586,0,1,8,2,6,0,1955,1
7,9722,42,1,8,17,3,16,1973,1
7,86836,63,10,5,21,6,21,1975,1
8,30467,5,0,7,3,2,5,1972,0
8,54549,9,1,7,2,4,0,1952,0
8,19444,10,1,7,0,2,2,1982,1
8,69245,61,5,3,30,10,30,1956,0
8,72968,55,5,3,37,8,37,1963,1
8,48686,1,0,8,0,2,0,1953,0
8,73687,181,9,2,153,9,13,1990,1
8,82716,22,8,2,148,13,148,1944,0
8,35523,11,0,7,5,3,5,1981,0
8,60554,15,4,6,7,9,15,1975,0
8,64090,135,9,5,58,4,51,1956,1
8,61559,34,2,3,83,10,14,1965,0
8,71670,160,3,6,16,6,0,1962,1
8,67680,6,3,5,0,8,6,1951,0
8,54386,25,2,3,21,10,21,1981,0
8,64108,21,9,5,10,11,21,1953,0
8,69702,57,7,4,9,10,19,1951,0
8,47958,22,3,5,11,5,3,1952,0
8,67716,56,4,5,142,13,9,1960,0
8,34600,15,2,8,33,5,3,1971,1
8,34600,15,2,8,33,5,3,1971,1
8,48752,0,1,9,57,5,15,1969,1
8,15716,26,0,8,5,4,7,1988,0
8,46610,43,1,6,12,6,22,1952,1
8,74985,86,6,2,51,7,0,1977,0
9,45576,25,1,8,19,3,14,1945,1
9,113734,3,0,1,2,0,262,1945,0
9,57100,17,2,3,11,7,11,1987,0
9,24434,17,1,7,2,2,0,1972,0
9,37126,7,2,6,3,2,4,1971,1
9,45160,3,0,7,2,2,0,1958,0
9,33178,16,0,4,6,3,2,1977,0
9,64866,10,3,5,5,7,5,1950,0
9,34176,2,0,3,2,3,2,1975,0
9,50014,42,1,5,14,8,10,1968,0
9,92344,119,10,1,24,5,19,1948,0
9,55282,19,1,4,6,6,4,1970,0
9,48799,24,2,3,18,7,6,1963,0
9,84169,0,6,3,19,6,19,1982,1
9,84169,0,6,3,19,6,19,1982,1
9,39763,16,1,9,1,2,6,1971,1
9,74165,12,4,2,12,10,12,1975,0
9,42720,112,3,8,5,7,26,1965,1
9,65275,21,3,2,14,13,14,1944,0
9,36443,20,1,8,0,3,3,1961,0
9,43776,20,2,8,2,4,2,1952,1
9,56046,51,1,8,0,8,0,1965,1
9,65148,153,6,4,35,7,12,1958,0
9,49431,17,1,8,3,5,0,1955,0
10,32583,1,0,7,0,2,0,1961,0
10,16653,7,1,6,7,3,4,1979,1
10,26850,9,1,4,1,4,2,1971,0
10,51287,30,1,7,0,3,0,1968,0
10,43050,8,0,5,5,4,3,1973,0
10,73448,130,2,4,106,9,41,1969,0
10,17256,22,1,8,4,2,8,1992,0
10,86429,37,4,2,28,7,18,1961,1
10,33569,24,1,8,2,2,0,1983,1
10,25130,18,0,7,5,3,18,1980,0
10,62998,58,4,5,58,5,89,1952,0
10,26907,2,0,7,1,3,3,1976,0
10,26907,2,0,7,1,3,3,1976,0
10,45579,1,1,6,1,4,1,1948,0
10,47320,19,1,6,19,8,15,1957,0
10,70179,133,3,5,88,13,44,1976,0
10,70179,133,3,5,88,13,44,1976,0
10,28072,5,0,7,0,3,0,1986,0
10,50501,152,4,6,0,4,0,1954,1
10,58917,28,1,5,7,6,7,1969,0
10,69372,42,4,4,26,6,13,1949,1
10,35178,18,1,7,1,2,2,1971,1
10,35178,18,1,7,1,2,2,1971,1
10,75693,30,4,4,153,6,97,1968,1
10,69109,95,6,4,25,7,29,1982,1
10,69109,95,6,4,25,7,29,1982,1
11,80134,26,7,5,26,11,26,1994,0
11,64713,54,5,4,60,7,54,1970,1
11,41411,18,1,6,32,4,3,1986,0
11,7500,1,0,7,5,2,2,1983,0
11,55521,4,3,7,0,6,0,1955,1
11,43795,107,3,7,11,4,3,1968,1
11,22070,21,2,6,7,2,2,1970,0
11,36408,3,0,6,1,2,2,1949,0
11,34026,17,1,5,6,3,8,1950,0
11,34026,17,1,5,6,3,8,1950,0
11,46049,19,2,7,9,9,14,1976,1
11,35641,28,1,7,3,4,9,1972,1
11,32414,12,0,7,6,3,9,1984,0
11,59821,35,2,8,0,7,0,1955,0
11,34968,2,2,7,6,5,2,1980,0
11,56320,83,4,4,53,9,77,1967,0
11,70091,11,2,8,34,10,0,1969,0
11,46097,8,1,4,24,6,4,1956,0
11,41003,88,2,6,133,8,44,1963,0
11,44911,31,1,7,0,4,1,1959,0
11,33249,42,1,6,10,3,14,1975,0
11,33249,42,1,6,10,3,14,1975,0
11,42873,15,1,8,0,4,2,1950,0
11,51039,109,2,7,64,4,0,1969,0
11,78952,134,5,6,19,12,76,1958,0
11,29435,64,2,9,3,2,2,1966,1
12,79865,38,10,1,99,5,121,1954,0
12,34176,20,0,6,7,4,14,1988,0
12,34176,20,0,6,7,4,14,1988,0
12,65968,4,4,3,9,7,4,1970,0
12,86424,68,9,1,68,12,45,1956,0
12,67272,14,2,5,35,12,28,1966,0
12,78499,97,3,4,72,4,36,1957,1
12,77044,76,11,4,38,11,34,1972,0
12,70515,140,6,2,0,4,64,1993,1
12,17459,30,1,7,4,2,10,1975,1
12,80336,66,9,1,19,13,142,1970,0
12,15759,3,0,7,2,2,0,1956,0
12,26326,9,0,3,0,3,3,1976,0
12,62061,38,4,6,7,7,30,1976,0
12,5305,5,0,13,4,0,3,1976,0
12,75777,80,6,1,26,11,13,1982,1
12,75777,80,6,1,26,11,13,1982,1
12,71499,37,3,4,25,13,0,1971,0
12,31626,34,1,7,1,2,1,1978,1
12,42670,15,2,4,2,4,4,1992,0
12,83917,79,7,3,22,7,198,1973,1
12,41021,12,0,6,7,3,16,1969,1
12,79456,99,6,3,42,4,83,1956,1
12,78789,83,6,2,50,5,83,1980,1
13,50870,2,0,5,0,3,0,1952,0
13,35876,14,1,6,2,3,3,1983,0
13,23539,25,0,6,24,4,1,1957,0
13,32557,10,1,5,3,3,4,1967,1
13,62466,83,3,4,129,12,121,1970,0
13,62466,83,3,4,129,12,121,1970,0
13,54198,17,1,4,0,6,2,1966,0
13,82170,37,6,2,93,7,55,1978,0
13,61798,13,2,4,4,9,8,1964,0
13,15253,13,0,7,3,3,1,1992,0
13,78285,40,4,3,107,10,67,1988,0
13,62535,52,2,3,48,8,45,1955,0
13,27190,3,0,8,6,2,1,1973,1
13,48985,8,1,3,13,3,7,1968,0
13,72940,116,3,1,74,6,149,1970,0
13,36145,18,1,9,4,3,1,1985,1
13,157146,1,28,1,0,0,1,1977,0
13,81843,138,9,3,86,12,69,1960,0
13,41883,116,2,7,34,3,16,1988,0
13,45759,4,0,7,1,3,0,1964,0
13,45759,4,0,7,1,3,0,1964,0
13,78394,166,6,2,27,5,24,1986,1
13,30279,1,0,8,4,3,4,1989,0
13,30279,1,0,8,4,3,4,1989,0
13,31880,3,0,8,1,2,0,1970,0
13,60208,59,3,7,23,7,0,1973,1
13,78687,241,6,2,185,8,55,1983,1
14,37401,3,0,7,3,3,1,1973,0
14,37401,3,0,7,3,3,1,1973,0
14,75315,31,4,2,15,12,23,1954,0
14,69263,21,1,6,5,7,5,1965,0
14,78569,95,6,1,79,4,175,1946,1
14,57705,40,1,6,0,6,4,1966,0
14,74805,37,7,2,162,10,162,1955,0
14,66426,157,5,6,24,10,24,1961,0
14,51529,22,1,8,4,5,0,1949,0
14,18100,1,0,5,1,3,3,1946,0
14,59601,23,2,8,7,7,7,1977,0
14,20981,30,1,8,12,2,13,1977,1
14,74068,15,10,2,30,9,76,1976,0
14,36790,10,1,9,3,2,21,1983,1
14,18793,20,0,8,16,4,17,1971,0
14,27421,55,1,7,12,6,40,1954,0
14,30675,21,0,8,2,3,2,1972,0
14,83145,114,9,2,35,11,137,1974,1
14,34053,12,0,8,0,3,0,1968,0
15,31788,6,0,5,7,4,8,1983,0
15,45894,13,0,5,2,3,2,1974,0
15,41986,12,0,4,5,4,3,1978,0
15,42769,0,1,4,0,4,1,1962,0
15,58582,42,2,5,35,9,77,1982,0
15,49096,7,1,7,1,4,1,1964,0
15,76412,17,4,3,53,8,71,1980,1
15,18929,18,0,6,0,4,4,1990,0
15,18929,18,0,6,0,4,4,1990,0
15,18929,18,0,6,0,4,4,1990,0
15,21888,64,1,10,10,2,3,1986,1
15,41580,3,1,5,5,3,0,1978,0
15,31605,6,1,7,0,4,1,1979,0
15,25509,11,0,9,3,3,7,1974,1
15,25509,11,0,9,3,3,7,1974,1
15,33051,219,1,9,71,8,94,1959,1
16,28764,1,0,8,0,2,0,1966,0
16,32146,3,0,6,3,4,7,1983,0
16,22148,11,0,7,5,3,4,1983,0
16,36781,13,1,8,1,2,3,1979,1
16,54197,13,3,1,6,6,13,1960,0
16,93790,45,7,2,68,12,114,1970,1
16,24762,40,1,8,10,2,15,1972,1
16,30477,12,1,6,1,3,0,1984,0
16,11448,6,0,6,0,2,2,1975,0
16,70844,2,1,7,26,5,67,1967,0
16,30828,12,1,3,11,4,0,1980,0
16,62513,14,4,6,42,10,42,1967,0
16,27733,17,0,7,7,3,2,1981,0
16,39435,13,1,7,0,2,0,1973,0
16,75345,133,8,3,57,6,38,1970,1
16,20491,10,1,7,4,2,2,1986,0
16,36715,16,2,9,10,4,13,1971,1
16,71706,14,5,5,56,7,98,1959,0
16,69063,26,3,3,35,5,8,1966,0
16,24645,0,0,8,3,2,1,1988,0
16,35797,21,0,8,1,3,1,1975,0
17,44078,4,0,5,1,3,0,1969,0
17,26954,1,0,7,1,2,0,1971,0
17,7500,3,0,7,1,3,0,1972,0
17,38887,3,0,7,1,3,0,1972,0
17,65463,16,2,5,32,9,32,1974,0
17,53537,6,1,5,0,3,0,1959,0
17,36230,3,0,5,2,4,2,1971,0
17,80763,231,11,3,168,6,42,1950,1
17,60585,21,4,5,42,9,42,1971,1
17,49166,110,3,6,2,3,0,1974,0
17,75261,17,6,2,17,5,34,1955,1
17,89891,183,6,4,22,8,28,1991,0
17,72828,205,3,7,0,13,14,1962,0
17,75278,74,3,3,98,13,74,1952,0
17,38557,27,1,7,3,3,4,1978,0
17,81300,36,3,5,12,5,12,1963,1
17,60161,177,4,8,44,8,8,1965,0
17,69389,15,2,4,7,12,46,1977,0
17,64497,192,4,8,48,9,32,1954,1
17,61014,29,3,7,129,4,43,1980,0
18,44319,3,0,5,0,3,0,1975,0
18,53233,0,0,4,0,3,0,1957,0
18,77972,12,6,1,22,9,102,1954,0
18,81361,76,10,1,23,13,65,1987,0
18,81361,76,10,1,23,13,65,1987,1
18,25707,3,0,7,6,3,6,1984,0
18,42403,3,0,8,1,3,5,1971,0
18,65704,246,10,1,172,10,8,1972,0
18,37406,3,0,8,0,2,2,1980,1
18,39767,47,1,8,61,7,26,1951,0
18,54210,45,1,5,54,7,9,1979,0
18,57136,127,5,6,140,7,12,1967,1
18,40794,50,3,7,23,5,23,1975,0
18,83003,122,6,3,61,8,25,1965,1
18,89058,43,4,2,194,4,22,1960,0
18,20193,9,1,4,8,4,11,1991,0
18,72099,22,4,1,91,10,0,1974,0
18,43824,32,1,8,1,4,3,1971,0
18,66653,6,2,3,18,12,18,1975,0
19,44359,1,0,3,0,4,3,1978,0
19,79410,13,2,1,80,5,13,1961,0
19,55842,24,1,5,0,8,4,1977,0
19,79946,28,11,3,183,5,141,1966,0
19,88194,38,10,5,14,10,24,1979,1
19,80184,0,3,3,134,10,38,1944,0
19,76982,30,3,4,151,4,60,1967,1
19,65295,6,3,2,32,13,110,1980,0
19,57100,96,3,3,21,6,3,1973,0
19,29009,2,0,6,6,3,5,1981,0
19,78931,35,8,1,197,13,152,1971,0
19,7500,12,0,5,1,3,2,1975,0
19,56939,49,3,3,34,10,29,1976,0
19,64509,77,3,4,185,9,25,1990,1
19,30093,16,0,7,6,3,4,1990,0
19,30351,2,0,9,0,2,3,1974,1
19,30351,2,0,9,0,2,3,1974,0
19,38201,12,1,8,0,5,0,1960,0
19,7500,362,0,1,1,0,263,1986,0
19,43974,72,4,7,0,6,0,1980,0
19,38200,1,0,7,0,2,0,1970,0
19,87305,80,3,2,25,8,138,1960,1
19,16860,14,1,7,4,3,3,1961,0
19,27213,3,0,8,3,4,9,1972,1
19,7500,32,1,9,0,2,7,1976,1
20,4861,1,0,14,1,0,0,1965,0
20,38196,3,0,5,0,4,0,1971,0
20,41145,1,0,3,0,3,0,1950,0
20,38513,18,1,8,3,5,0,1982,1
20,45688,9,1,4,0,8,0,1968,0
20,77863,12,5,2,38,10,25,1958,0
20,42169,2,0,8,0,3,0,1969,0
20,45906,144,4,5,3,4,3,1964,0
20,35388,8,0,7,4,3,3,1988,0
20,80952,44,5,8,178,11,27,1969,1
20,39898,12,0,7,8,4,7,1954,0
20,39898,12,0,7,8,4,7,1954,0
20,44051,18,1,6,7,4,3,1973,1
20,86718,172,6,2,189,5,33,1954,0
20,80141,40,4,6,102,10,40,1986,1
20,58597,21,4,7,0,9,28,1976,0
20,70356,33,6,6,16,9,16,1945,0
20,46904,31,1,8,4,4,9,1967,0
20,37760,28,1,7,5,6,12,1946,0
20,37760,28,1,7,5,6,12,1946,0
20,61839,120,8,8,155,4,17,1964,0
21,29791,0,0,5,0,3,0,1972,0
21,48918,1,0,4,0,4,0,1963,0
21,48918,1,0,4,0,4,0,1963,0
21,58692,11,2,7,11,4,7,1965,0
21,39356,6,0,6,0,2,0,1976,0
21,76234,41,3,3,50,11,0,1972,0
21,55434,76,3,4,115,13,69,1984,0
21,66835,141,4,2,26,13,17,1946,0
21,66835,141,4,2,26,13,17,1946,0
21,71965,248,3,3,19,5,38,1951,0
21,74538,28,8,3,98,5,112,1971,1
21,50002,82,2,7,5,7,16,1954,0
21,53977,82,5,5,16,12,24,1958,0
21,53977,82,5,5,16,12,24,1958,0
21,69930,196,5,3,98,12,70,1971,0
21,62981,0,5,3,14,13,44,1967,0
21,46014,44,1,7,0,8,9,1974,0
21,18227,11,1,8,2,2,3,1987,0
21,65991,9,5,7,19,10,47,1976,0
21,38808,30,1,8,17,4,19,1972,1
21,160803,4,28,0,16,1,3,1982,0
22,43783,139,1,7,9,8,4,1978,0
22,30396,12,1,7,0,2,1,1969,1
22,65526,9,4,2,19,8,0,1964,0
22,65526,9,4,2,19,8,0,1964,0
22,55956,38,3,4,38,4,9,1944,0
22,55563,2,0,3,1,3,0,1978,0
22,57236,4,1,3,0,4,1,1965,0
22,89694,42,3,5,28,4,28,1973,0
22,57420,24,1,7,0,6,0,1971,0
22,33622,12,0,7,1,4,4,1972,0
22,29999,11,1,8,7,4,5,1986,0
22,31497,4,1,8,1,4,1,1962,0
22,31497,4,1,8,1,4,1,1962,0
23,36802,1,0,5,1,3,0,1980,0
23,61671,28,4,8,7,6,0,1968,0
23,29732,4,0,9,0,2,1,1971,0
23,45921,12,1,4,9,6,3,1986,0
23,16529,1,0,6,0,3,0,1984,0
23,98777,38,6,1,19,9,115,1960,0
23,98777,38,6,1,19,9,115,1960,0
23,77027,11,3,4,57,6,0,1952,0
23,69139,6,1,4,12,5,15,1965,0
23,69139,6,1,4,12,5,15,1965,0
23,65169,46,4,6,0,13,0,1982,1
23,40049,3,0,6,6,3,3,1952,0
23,69755,93,6,1,77,12,23,1945,0
23,7500,15,1,6,0,7,0,1961,0
23,54456,15,1,6,0,7,0,1961,0
23,60689,24,4,3,90,10,6,1951,0
23,26487,23,1,5,8,3,14,1978,0
23,28164,12,0,7,18,4,8,1970,0
23,22585,39,1,9,9,2,2,1970,1
23,64795,77,3,2,5,12,29,1971,0
23,42000,35,2,5,83,11,59,1987,1
23,42000,35,2,5,83,11,59,1987,1
23,70713,190,6,3,114,8,76,1966,0
23,82800,45,6,3,22,12,68,1946,1
23,82800,45,6,3,22,12,68,1946,1
23,30801,11,0,7,4,3,2,1975,0
24,83891,15,7,1,38,10,85,1974,0
24,38054,0,0,7,2,3,1,1950,0
24,14045,1,0,7,0,3,1,1969,0
24,44155,14,1,4,1,2,0,1957,0
24,57642,27,6,4,6,6,0,1970,0
24,31353,7,1,8,0,2,1,1977,0
24,31353,7,1,8,0,2,1,1977,1
24,41335,5,1,7,19,4,14,1968,0
24,41335,5,1,7,19,4,14,1968,0
24,40737,2,0,8,0,2,0,1957,0
24,19789,28,1,5,5,3,6,1975,0
24,35946,0,0,5,0,3,0,1949,0
24,36262,153,5,6,39,3,28,1983,1
24,44551,66,1,7,4,5,0,1954,0
24,71367,75,5,2,23,7,21,1959,0
24,71367,75,5,2,23,7,21,1959,0
24,57957,29,6,3,59,8,5,1959,0
24,50334,134,4,6,16,6,16,1972,0
24,48150,47,1,7,2,4,2,1949,0
24,56796,37,9,7,38,7,47,1969,0
24,56796,37,9,7,38,7,47,1969,0
24,52278,174,5,8,0,10,0,1963,1
24,52278,174,5,8,0,10,0,1963,0
24,7500,50,1,9,18,3,22,1996,1
24,33444,2,0,8,0,2,0,1952,0
24,20895,4,0,9,3,3,0,1973,0
24,37509,5,0,7,5,4,8,1976,0
24,88097,75,5,9,0,8,126,1978,1
25,59041,6,0,5,2,4,2,1973,0
25,43322,18,0,7,7,4,2,1974,0
25,46015,6,0,7,0,3,0,1955,0
25,46015,6,0,7,0,3,0,1955,0
25,34242,1,0,5,2,3,0,1959,0
25,65210,28,3,6,0,8,7,1955,0
25,50520,14,1,6,0,3,1,1958,0
25,90765,33,6,1,99,5,82,1970,0
25,80589,26,10,1,93,5,40,1944,1
25,49572,1,0,7,1,3,1,1958,0
25,75437,0,4,6,0,10,58,1978,0
25,44635,3,0,7,0,3,0,1971,0
25,58512,152,4,8,10,8,0,1964,0
25,62000,20,6,4,0,13,0,1952,0
25,54252,44,1,6,4,5,4,1956,0
25,45068,3,0,7,0,2,0,1974,0
25,60474,170,2,7,199,12,9,1979,0
25,60474,170,2,7,199,12,9,1979,0
25,56337,182,5,8,16,4,5,1981,1
25,22434,15,0,8,12,3,13,1987,0
25,61416,78,3,6,154,10,61,1982,0
25,92163,20,11,2,183,5,163,1975,1
25,58656,12,8,6,12,13,24,1956,0
25,7500,17,0,8,3,3,4,1973,0
25,8940,42,1,8,45,3,6,1986,0
26,26751,1,0,8,1,2,3,1974,0
26,71427,23,2,4,123,8,64,1978,0
26,26646,5,0,6,4,4,3,1984,0
26,19346,2,0,8,0,3,6,1974,0
26,56243,7,2,5,0,8,3,1975,0
26,59892,0,1,3,0,3,1,1970,0
26,71613,42,2,4,49,10,21,1965,0
26,25252,6,0,8,3,2,2,1986,0
26,42160,20,1,6,9,4,15,1975,1
26,15862,10,0,8,1,3,9,1979,0
26,82584,68,4,1,68,8,91,1974,1
26,38360,10,1,3,2,4,21,1989,0
26,75283,66,3,4,9,5,19,1957,0
26,34941,24,0,8,2,3,3,1956,0
26,61823,169,2,7,7,10,14,1952,0
26,90226,108,7,2,108,12,151,1956,0
26,44989,106,1,6,0,5,10,1974,0
26,44989,106,1,6,0,5,10,1974,0
26,43586,16,0,8,2,4,0,1980,0
26,32233,72,2,9,15,2,11,1974,1
26,62882,97,5,4,133,6,24,1969,0
27,57288,60,1,6,0,8,0,1963,0
27,75774,56,5,4,21,8,14,1981,0
27,75774,56,5,4,21,8,14,1981,0
27,90247,16,4,1,32,7,16,1988,1
27,32218,30,1,7,24,3,1,1960,1
27,84219,45,4,1,137,10,137,1988,0
27,84219,45,4,1,137,10,137,1988,0
27,48877,24,0,7,1,4,0,1966,0
27,60905,38,3,2,17,7,17,1950,0
27,75236,114,3,4,66,13,38,1964,0
27,62551,27,7,3,16,4,21,1953,0
27,70123,0,7,3,0,4,0,1983,0
27,50785,27,1,6,1,3,1,1962,0
27,15315,17,0,5,4,4,8,1970,0
27,15315,17,0,5,4,4,8,1970,0
27,64413,20,1,5,5,5,10,1970,0
27,87171,44,7,2,44,11,44,1981,0
27,30081,4,0,7,0,3,0,1961,0
27,20180,18,1,7,42,4,20,1976,0
27,20180,18,1,7,42,4,20,1976,0
27,55686,26,3,4,0,5,47,1966,0
27,26887,6,0,6,7,3,4,1959,0
27,61996,24,4,5,12,8,0,1977,1
27,51537,92,2,8,20,11,0,1952,0
27,72025,233,3,3,33,8,133,1962,0
27,30538,20,0,10,0,4,3,1971,0
27,61618,205,6,3,91,8,45,1991,0
28,77343,31,4,1,151,9,54,1965,0
28,75433,57,5,6,0,10,34,1989,0
28,82571,79,5,2,31,13,95,1962,0
28,60033,48,1,2,1,5,11,1954,0
28,39062,12,0,4,0,3,0,1983,0
28,30023,21,0,8,0,3,6,1972,0
28,30015,5,0,5,0,4,3,1970,0
28,33228,5,0,7,2,3,4,1980,0
28,22574,2,0,7,0,3,0,1967,0
28,22574,2,0,7,0,3,0,1967,0
28,55267,45,4,3,28,6,3,1957,0
28,66886,146,1,5,4,7,31,1958,0
28,72258,134,9,2,0,5,120,1971,0
28,82733,38,4,4,50,7,38,1984,1
28,45146,15,1,4,0,2,0,1963,0
28,51250,40,5,9,32,4,32,1990,0
28,32871,5,0,4,2,3,2,1951,0
28,63855,89,3,4,35,13,116,1978,0
28,42564,198,8,7,48,4,18,1968,1
28,46344,91,1,7,20,5,20,1972,0
28,50437,4,1,7,9,8,9,1963,0
28,70971,17,11,7,17,5,125,1960,1
28,37774,176,2,9,8,3,2,1977,1
29,4023,1,0,19,0,0,1,1963,0
29,33279,0,0,3,3,3,0,1966,0
29,42693,16,0,5,4,3,3,1978,0
29,70545,21,1,2,39,7,18,1952,0
29,65486,14,2,2,19,10,67,1957,0
29,77882,15,3,1,129,5,22,1981,0
29,78468,34,7,4,22,10,22,1960,0
29,77226,21,8,3,43,12,76,1963,0
29,90638,96,4,1,120,10,144,1991,0
29,90638,96,4,1,120,10,144,1991,1
29,70666,30,4,4,40,4,122,1948,0
29,59052,31,1,5,35,7,57,1959,0
29,13084,10,0,6,0,3,7,1952,0
29,49160,15,1,6,21,6,10,1949,0
29,23272,12,0,4,3,3,2,1953,0
29,49476,196,11,2,23,5,41,1963,0
29,62694,91,3,7,6,7,91,1965,0
29,57906,15,2,4,11,8,3,1973,0
29,71853,32,8,1,108,6,97,1982,0
29,71853,32,8,1,108,6,97,1982,0
29,65031,86,3,7,107,13,37,1959,0
29,30507,110,1,7,36,4,20,1960,0
29,67419,42,4,5,84,8,56,1970,0
29,59462,196,2,7,17,12,8,1950,0
29,95529,24,3,3,29,7,27,1994,1
29,53653,108,4,6,10,12,10,1953,0
29,25965,11,0,8,2,3,7,1980,0
29,22979,22,2,8,17,2,21,1970,1
29,64950,63,2,7,0,10,0,1951,0
30,44322,3,0,8,0,3,0,1985,0
30,30096,9,0,6,3,3,5,1983,0
30,30096,9,0,6,3,3,5,1983,0
30,56628,171,6,5,5,5,17,1977,0
30,82326,183,10,2,142,6,81,1977,1
30,71163,44,8,1,17,12,106,1995,0
30,71022,242,2,8,12,11,12,1978,0
30,42607,47,2,3,29,7,32,1954,0
30,43057,5,2,5,2,5,2,1975,0
30,47808,72,2,7,1,3,0,1975,0
30,29236,9,0,9,4,3,9,1987,0
30,40590,37,4,6,0,3,11,1969,0
30,40590,37,4,6,0,3,11,1969,0
30,77520,58,7,4,44,7,88,1959,1
30,40211,25,1,8,1,2,1,1981,0
30,63516,5,1,5,11,7,14,1973,0
30,53034,50,1,8,15,7,11,1974,0
30,22669,48,1,9,14,2,22,1975,1
30,79908,111,6,2,129,7,185,1982,0
30,69867,54,5,1,0,8,130,1986,1
30,70287,40,5,3,35,10,120,1966,1
30,37070,39,1,7,7,8,15,1966,1
30,37070,39,1,7,7,8,15,1966,1
30,38179,20,1,7,4,3,2,1966,0
30,39922,36,0,8,12,4,1,1983,0
30,39922,36,0,8,12,4,1,1983,0
30,39922,36,0,8,12,4,1,1983,0
30,64191,15,3,3,15,13,38,1963,0
30,41658,29,1,4,4,2,4,1975,0
30,40780,34,1,9,27,5,3,1976,0
30,77568,158,2,5,0,8,178,1979,0
30,66503,50,3,3,64,6,3,1985,0
31,83512,101,7,1,61,10,20,1986,1
31,31686,1,0,6,0,3,0,1964,0
31,71322,42,1,2,24,7,15,1976,0
31,27938,5,0,3,0,4,1,1988,0
31,22263,2,0,6,0,3,0,1951,0
31,34633,1,0,6,1,2,0,1956,0
31,42162,27,1,6,7,3,4,1981,1
31,162397,2,0,1,1,1,1,1976,0
31,54162,10,0,4,6,3,5,1978,0
31,41769,27,1,8,29,7,0,1955,0
31,44953,124,3,6,17,13,8,1981,0
31,37717,5,0,9,0,2,1,1978,0
31,37717,5,0,9,0,2,1,1978,0
31,40548,3,1,5,0,4,0,1970,0
31,67893,47,2,8,28,9,18,1975,0
31,69267,146,4,7,44,5,73,1953,1
31,9548,9,0,8,1,3,6,1976,0
31,68281,41,9,5,112,13,48,1958,1
32,92556,28,5,0,183,13,23,1960,0
32,48526,9,1,3,17,4,20,1979,0
32,90273,111,6,2,129,7,74,1991,1
32,19414,7,0,8,3,3,5,1981,0
32,79761,11,2,3,5,11,35,1958,0
32,53312,25,1,7,0,5,0,1951,0
32,41039,45,1,8,11,5,61,1982,0
32,88347,118,7,1,178,9,138,1961,0
32,50150,11,2,5,46,7,61,1983,0
32,50150,11,2,5,46,7,61,1983,0
32,10245,13,2,5,7,2,4,1971,0
32,33454,23,0,8,10,4,1,1985,0
32,40887,43,1,9,4,3,10,1952,1
32,55914,232,6,7,60,8,101,1975,0
32,37292,66,3,8,0,5,23,1983,0
32,52914,227,3,7,10,3,10,1971,0
32,24884,3,0,7,6,3,0,1972,0
32,67384,107,8,5,40,5,53,1970,0
32,51651,92,2,8,6,5,6,1960,0
32,82497,203,7,4,129,9,21,1980,0
32,32632,53,4,5,151,8,19,1963,0
33,33562,3,0,4,12,4,3,1963,0
33,79146,16,1,6,16,8,43,1967,0
33,79146,16,1,6,16,8,43,1967,0
33,36143,6,1,3,0,2,0,1981,0
33,27159,1,0,6,0,3,0,1973,0
33,41275,9,1,5,4,3,2,1960,0
33,76800,81,4,1,26,7,71,1965,0
33,75794,48,5,3,160,12,32,1987,0
33,30833,6,0,5,0,3,1,1951,0
33,26518,2,0,8,1,3,3,1949,1
33,91065,114,9,3,114,9,137,1981,1
33,45183,12,1,7,3,7,9,1962,0
33,48070,19,2,7,14,6,9,1950,0
33,30372,7,0,7,0,3,3,1971,0
33,30372,7,0,7,0,3,3,1971,0
33,57036,47,3,9,43,13,14,1975,0
33,66731,141,3,3,159,6,106,1970,0
34,35682,18,1,2,0,3,2,1970,0
34,10979,4,0,5,4,3,2,1989,0
34,10979,4,0,5,4,3,2,1989,0
34,57912,35,3,5,0,12,0,1965,0
34,36026,17,0,6,4,3,4,1972,0
34,35788,4,0,6,2,3,1,1971,0
34,42243,5,0,7,0,3,0,1959,0
34,46086,50,1,4,8,8,2,1956,0
34,61346,142,7,3,58,10,16,1978,0
34,33316,12,1,6,1,4,4,1971,0
34,33316,12,1,6,1,4,4,1971,0
34,21063,15,0,6,10,3,3,1987,0
34,33697,11,0,7,3,2,3,1970,0
34,25804,12,0,8,7,3,6,1978,0
34,72117,50,7,5,20,9,60,1977,0
34,61286,117,1,5,0,8,9,1966,0
34,61286,117,1,5,0,8,9,1966,0
34,65196,200,6,5,19,11,0,1958,0
34,55635,27,3,6,65,7,49,1971,0
34,42021,27,1,9,5,6,5,1981,0
34,75251,18,6,5,111,5,18,1972,1
34,35322,13,0,8,9,4,7,1968,0
34,53374,34,2,9,10,9,10,1969,1
35,87195,38,11,1,76,5,26,1959,1
35,42395,25,1,7,13,4,15,1981,0
35,82427,107,5,1,147,12,107,1966,0
35,44602,34,1,8,2,4,0,1969,0
35,94642,143,7,1,143,9,143,1951,0
35,28359,2,0,7,0,2,1,1983,0
35,55801,95,2,7,4,6,4,1975,0
35,92955,84,7,2,21,9,24,1973,1
35,56534,46,4,8,7,7,0,1968,1
35,69627,53,2,5,161,11,30,1962,0
35,78579,99,6,3,66,4,66,1970,1
35,44964,2,0,8,1,3,0,1980,0
35,30899,1,0,6,0,3,0,1974,0
35,78825,18,10,3,74,13,37,1964,1
35,25545,85,2,6,1,3,12,1987,1
35,47111,41,2,9,71,10,112,1971,0
35,49667,39,10,8,26,5,13,1955,1
36,66000,45,3,1,51,5,0,1947,0
36,46910,6,0,6,0,3,0,1964,0
36,25224,8,1,3,9,3,2,1972,0
36,77382,134,7,1,48,12,105,1968,0
36,28420,0,0,6,2,2,0,1967,0
36,32952,1,0,7,0,3,1,1977,0
36,46149,27,1,5,6,7,0,1975,0
36,73059,71,3,4,112,13,82,1947,0
36,73059,71,3,4,112,13,82,1947,0
36,35701,5,0,6,1,3,3,1959,0
36,89616,15,5,2,47,12,111,1983,1
36,105471,207,8,3,181,13,21,1970,1
36,78427,138,7,3,19,10,26,1948,1
36,22518,27,1,5,7,2,2,1986,1
36,59809,49,3,8,16,6,41,1976,0
36,39660,36,1,9,13,3,13,1982,1
36,52203,28,7,6,21,11,108,1950,0
37,35860,20,1,5,0,2,2,1973,1
37,35860,20,1,5,0,2,2,1973,0
37,35860,20,1,5,0,2,2,1973,0
37,35860,20,1,5,0,2,2,1973,1
37,76842,32,8,0,10,7,54,1950,0
37,15033,4,0,3,4,3,0,1951,0
37,67353,35,6,2,17,12,8,1970,0
37,17003,7,0,5,5,4,8,1975,0
37,65735,11,2,7,7,6,15,1965,0
37,45684,7,0,7,1,2,0,1971,0
37,21918,3,0,6,6,3,5,1969,0
37,51267,12,3,4,2,5,2,1978,0
37,59868,154,2,6,51,12,10,1972,0
37,51373,117,5,4,2,3,26,1991,0
37,46692,88,1,6,6,5,12,1958,0
37,157733,8,0,1,1,1,0,1971,0
37,54432,0,0,4,0,3,0,1950,0
37,79607,216,6,1,133,6,0,1984,1
37,51813,2,0,7,2,3,1,1972,0
37,17487,6,0,7,0,2,4,1989,0
37,40706,5,0,7,0,4,2,1968,0
37,62859,25,4,6,89,6,12,1959,0
37,61074,152,5,7,0,8,28,1958,0
37,43638,19,1,7,10,4,19,1969,0
38,58116,51,3,2,19,8,11,1956,0
38,62187,41,2,4,0,10,0,1969,0
38,46344,6,1,5,1,2,1,1954,0
38,77353,59,4,4,59,8,101,1980,0
38,69759,0,6,3,20,5,30,1966,1
38,21846,26,0,8,17,3,10,1986,0
38,76532,30,5,5,30,7,138,1975,0
38,70053,89,5,5,53,10,179,1965,0
38,75342,26,2,4,97,10,118,1958,0
38,27590,1,0,7,0,2,0,1982,0
38,51148,12,1,6,6,6,9,1973,0
38,33378,10,0,7,6,4,7,1963,0
38,32644,23,1,8,3,6,7,1973,0
38,33581,1,0,8,0,2,0,1969,0
38,12393,13,0,9,6,3,7,1978,0
38,42710,102,5,6,3,3,3,1984,0
38,82347,63,7,3,54,10,133,1957,0
38,82347,63,7,3,54,10,133,1957,1
38,22554,4,0,5,0,4,0,1955,0
38,17323,5,0,8,14,3,1,1987,0
38,62204,139,5,3,46,12,46,1960,0
38,78028,38,4,7,19,9,0,1956,1
38,63887,92,6,6,23,12,11,1962,0
38,32727,70,3,8,13,5,13,1965,0
38,29103,6,0,9,0,3,3,1985,0
39,61482,43,2,2,58,6,66,1965,0
39,20587,9,1,7,3,2,1,1970,0
39,20587,9,1,7,3,2,1,1970,0
39,52190,18,1,5,0,3,0,1976,0
39,48186,34,1,7,3,4,7,1974,0
39,19329,5,0,8,1,3,2,1968,0
39,34109,4,0,4,1,3,1,1971,0
39,23477,29,0,8,15,4,8,1986,0
39,47472,8,0,5,0,4,0,1966,0
39,14849,9,0,8,2,4,2,1976,0
39,26224,15,1,6,7,3,9,1978,0
39,27238,3,0,9,0,3,0,1962,0
39,7500,14,2,5,5,6,20,1970,0
39,57967,91,2,5,7,8,0,1962,0
39,51569,34,1,8,0,7,0,1949,1
39,72550,38,2,8,50,12,38,1954,0
39,44511,14,4,8,7,8,14,1970,0
39,62972,192,4,6,15,3,0,1955,1
39,62972,192,4,6,15,3,0,1955,0
40,77845,26,5,1,40,12,40,1989,0
40,36663,5,1,2,0,3,3,1975,0
40,53204,6,0,4,0,3,0,1976,0
40,21059,8,0,6,3,3,3,1982,0
40,67087,43,5,4,35,8,35,1953,0
40,73892,43,11,1,102,8,58,1953,1
40,75114,24,10,2,12,5,60,1992,0
40,42192,7,1,4,15,3,6,1948,0
40,31454,9,0,8,0,3,0,1960,0
40,22775,1,0,8,1,2,0,1978,0
40,22775,1,0,8,1,2,0,1978,0
40,31590,3,0,8,2,3,6,1972,0
40,80134,80,3,6,16,6,0,1972,1
40,80134,80,3,6,16,6,0,1972,1
40,14188,27,0,6,7,4,12,1972,0
40,18169,7,0,8,0,2,0,1985,0
40,62503,117,3,5,0,11,75,1956,0
40,46734,29,1,7,5,5,23,1954,0
40,68126,86,4,9,17,5,51,1991,1
40,52869,21,1,7,3,4,1,1954,1
40,26576,9,0,9,0,2,0,1986,1
40,75825,51,8,4,105,9,105,1976,1
40,57045,17,2,3,13,9,13,1950,0
40,34984,3,0,7,4,3,5,1975,0
40,27803,49,0,8,26,4,9,1973,0
41,69283,8,3,5,62,13,26,1975,0
41,18746,20,0,6,10,3,9,1992,0
41,70924,76,6,3,114,7,152,1965,0
41,70924,76,6,3,114,7,152,1965,0
41,69401,39,4,2,27,5,8,1973,0
41,75012,151,8,1,142,11,58,1976,0
41,85738,13,6,1,26,11,26,1978,0
41,60934,54,4,4,155,11,93,1975,0
41,27161,11,0,7,4,3,0,1986,0
41,64325,73,3,7,60,5,12,1961,0
41,18978,15,0,8,8,3,7,1973,0
41,41124,119,3,8,7,4,0,1977,0
41,39684,17,1,7,0,2,4,1984,1
41,53378,132,4,8,6,6,6,1963,1
41,37040,48,2,8,2,5,38,1982,0
42,78710,50,6,4,0,12,50,1977,0
42,92910,33,7,1,137,13,103,1986,0
42,36283,5,0,4,5,3,0,1976,0
42,79632,12,4,2,0,9,21,1974,0
42,28587,13,0,6,4,4,10,1978,0
42,88325,53,2,2,71,9,27,1981,0
42,51412,14,2,4,3,4,5,1958,0
42,63998,112,6,4,29,11,33,1952,1
42,38593,24,1,8,12,3,24,1978,0
42,27889,8,1,6,0,2,0,1977,0
42,45889,8,0,6,0,3,1,1980,0
42,56575,10,3,5,5,7,16,1967,0
42,16014,7,1,3,9,4,8,1979,0
42,61331,41,1,8,5,6,5,1958,0
42,70893,14,6,3,44,10,44,1976,0
42,2447,1,28,1,1,0,1,1979,0
42,64849,108,3,5,48,6,84,1957,1
42,42387,191,1,8,0,7,4,1989,0
42,80617,32,6,2,51,8,55,1995,0
42,54006,97,1,7,77,7,24,1985,0
43,16531,11,0,7,13,3,5,1978,0
43,30843,9,1,5,0,2,0,1966,0
43,18988,1,0,7,0,3,1,1984,0
43,81051,14,5,2,29,12,29,1965,0
43,39747,52,1,8,15,4,13,1988,0
43,34554,5,0,6,1,3,0,1959,0
43,52854,0,1,5,0,4,1,1959,0
43,81205,130,6,2,74,7,55,1970,1
43,69084,30,3,8,107,13,30,1970,0
43,69084,30,3,8,107,13,30,1970,0
43,65352,23,2,4,3,8,7,1974,0
43,22063,11,0,7,10,3,11,1972,0
43,47691,4,0,6,0,2,0,1979,0
43,29187,2,0,8,0,3,0,1968,0
43,72504,94,9,2,26,6,161,1972,0
43,33986,5,0,7,2,3,1,1970,0
43,42386,11,0,8,4,3,4,1986,0
43,42386,11,0,8,4,3,4,1986,0
43,36957,31,2,9,2,2,1,1953,1
43,13724,27,0,9,7,2,15,1988,0
44,42664,0,0,6,0,3,0,1967,0
44,37334,15,0,4,1,4,2,1958,0
44,78497,223,7,2,26,12,0,1951,0
44,78497,223,7,2,26,12,0,1951,0
44,58821,28,2,6,14,9,0,1956,0
44,58398,49,4,4,5,8,21,1953,0
44,80950,63,7,2,147,9,147,1961,0
44,30732,3,1,8,1,4,1,1980,0
44,89572,64,7,4,24,9,194,1966,1
44,57107,137,4,8,0,8,0,1968,1
44,76467,58,5,6,161,5,44,1970,1
45,7500,1,0,7,0,2,0,1957,0
45,51315,41,2,2,28,5,30,1948,0
45,43602,19,1,6,5,2,3,1966,0
45,38643,10,0,7,2,3,1,1978,0
45,49090,100,2,7,5,9,0,1951,0
45,70617,27,3,2,61,7,46,1970,0
45,67536,35,5,8,0,11,71,1970,0
45,27573,15,1,8,15,4,15,1975,0
45,13533,17,0,7,3,3,0,1979,0
45,50725,48,1,8,10,8,10,1953,0
45,25851,5,0,7,4,3,5,1978,0
45,57113,42,1,7,4,5,2,1978,0
45,62847,61,6,2,168,4,76,1945,0
45,68627,38,3,1,15,6,54,1982,0
45,25271,7,1,9,1,2,4,1983,0
45,63810,101,3,8,12,12,12,1966,0
45,63810,101,3,8,12,12,12,1966,0
46,65488,54,4,1,45,6,18,1958,0
46,36927,4,0,8,0,3,0,1955,0
46,22108,6,0,7,3,3,2,1977,0
46,72025,0,8,2,0,13,50,1949,1
46,33183,37,0,7,5,3,15,1975,0
46,23661,1,0,7,0,3,0,1982,0
46,25315,22,0,8,9,3,3,1977,0
46,45938,29,4,6,11,6,83,1961,0
46,66951,124,4,1,162,7,76,1988,0
46,77298,79,6,3,115,11,35,1979,0
46,77298,79,6,3,115,11,35,1979,0
46,43018,64,2,5,4,2,6,1974,0
46,75759,182,7,5,22,9,91,1969,1
46,33996,6,1,4,2,3,0,1989,0
46,33996,6,1,4,2,3,0,1989,0
46,54137,20,1,6,0,4,1,1970,0
46,61223,247,3,5,43,4,118,1967,0
46,69674,24,2,5,41,10,0,1968,0
46,49494,82,1,7,9,5,6,1972,0
46,51195,58,2,8,14,5,24,1962,0
46,37284,6,0,6,1,3,1,1975,0
46,37284,6,0,6,1,3,1,1975,0
46,42011,39,1,8,0,4,1,1978,0
46,70044,14,10,5,0,5,14,1954,0
46,46053,25,2,5,10,4,7,1972,0
46,24480,17,0,7,19,4,25,1981,0
46,54233,142,6,8,8,5,0,1977,0
46,36130,37,8,4,43,4,56,1954,1
46,56559,31,3,4,22,8,31,1975,0
46,92859,20,4,2,61,12,61,1992,0
46,44010,48,2,9,36,6,72,1980,0
47,80124,241,7,1,84,8,84,1963,0
47,80124,241,7,1,84,8,84,1963,0
47,50183,15,1,5,12,6,10,1980,0
47,64722,15,2,6,0,11,147,1971,0
47,37395,11,0,6,0,3,1,1976,0
47,29543,18,1,7,3,2,4,1968,0
47,19514,28,1,8,3,2,1,1968,1
47,19514,28,1,8,3,2,1,1968,0
47,59481,58,3,2,3,8,66,1975,0
47,91712,48,7,3,24,11,29,1947,1
47,80144,108,7,1,132,8,192,1975,0
47,59973,0,4,1,30,7,34,1972,0
47,68352,33,5,6,16,9,33,1974,0
47,81169,27,7,2,20,9,61,1975,0
47,61456,89,10,4,76,13,192,1975,0
47,22634,46,1,8,23,2,6,1966,0
47,22634,46,1,8,23,2,6,1966,0
47,23957,16,0,6,1,3,11,1975,1
47,33471,12,0,7,2,4,9,1973,0
48,52157,40,2,4,2,5,2,1950,0
48,30298,0,1,3,3,3,1,1985,0
48,56551,16,1,4,4,4,2,1950,0
48,56551,16,1,4,4,4,2,1950,0
48,65487,163,5,2,67,6,0,1957,0
48,65487,163,5,2,67,6,0,1957,0
48,44213,7,1,6,11,5,4,1952,0
48,40344,2,1,7,0,5,0,1974,0
48,57867,17,2,6,35,9,23,1978,0
48,25410,4,0,4,2,4,13,1973,0
48,13260,7,0,8,4,3,2,1970,0
48,42691,58,1,5,2,6,17,1991,0
48,36138,5,1,7,0,4,0,1970,0
48,57136,92,2,6,5,10,109,1972,0
48,58275,64,2,7,10,7,43,1955,0
48,54237,57,2,6,3,5,0,1957,0
48,34596,7,0,8,0,2,0,1974,1
48,34596,7,0,8,0,2,0,1974,0
48,74881,54,2,5,72,12,27,1961,0
48,74881,54,2,5,72,12,27,1961,0
48,44267,49,2,9,5,4,5,1970,0
48,68487,89,7,4,12,13,89,1988,0
48,68487,89,7,4,12,13,89,1988,0
48,80982,22,5,5,137,11,22,1959,0
48,69508,43,4,6,32,11,32,1980,0
48,63342,21,3,6,21,5,10,1961,0
48,63342,21,3,6,21,5,10,1961,1
48,82014,31,6,6,37,12,163,1961,1
49,76320,35,3,2,35,4,53,1959,0
49,64587,20,1,3,0,4,6,1954,0
49,74190,64,2,2,81,11,91,1975,0
49,32765,3,0,5,3,4,3,1979,0
49,7500,4,0,7,1,2,0,1964,0
49,22212,21,0,6,9,4,8,1975,0
49,18358,4,0,7,8,4,4,1989,0
49,26067,12,0,8,2,3,2,1974,0
49,22390,5,0,7,1,2,1,1969,0
49,70440,88,10,3,117,7,102,1978,0
49,60199,0,0,4,1,3,0,1978,0
49,38547,4,0,8,1,2,1,1981,0
49,19107,16,0,7,4,3,5,1980,0
49,37929,10,2,7,2,5,2,1985,1
49,16813,13,0,7,8,3,2,1950,0
49,62187,126,8,3,0,5,45,1957,0
49,57811,78,2,5,7,11,21,1966,0
49,50943,6,0,5,0,3,0,1956,0
49,50943,6,0,5,0,3,0,1956,0
49,53201,27,3,7,7,5,0,1975,0
49,54414,18,1,4,18,5,26,1963,0
49,26290,22,0,6,8,4,5,1972,0
49,61250,59,2,5,138,12,26,1959,0
49,28389,8,0,7,5,2,4,1947,0
49,55250,66,5,5,58,10,0,1965,0
49,37758,1,0,8,2,3,0,1966,0
49,37758,1,0,8,2,3,0,1966,0
49,37633,1,0,9,4,3,0,1957,0
49,33629,4,1,9,0,4,0,1963,0
49,36947,29,0,9,3,4,1,1967,0
50,69142,39,1,5,4,7,4,1952,0
50,53154,7,1,4,0,4,1,1959,0
50,65695,6,4,4,32,10,58,1960,0
50,69805,20,8,2,71,11,10,1952,0
50,36975,2,0,7,6,3,4,1978,0
50,26228,9,0,8,6,2,1,1973,0
50,37787,18,0,8,1,3,3,1972,0
50,37087,3,2,6,55,8,0,1974,0
50,57247,6,1,2,4,7,54,1952,0
50,36930,39,2,8,2,4,2,1954,0
50,48721,21,2,6,18,5,13,1963,0
50,43641,23,1,6,2,4,2,1969,0
50,75903,100,6,3,108,9,38,1951,0
50,71391,141,5,3,123,12,123,1956,0
50,16927,4,0,8,2,4,1,1976,0
50,27215,28,1,6,5,4,9,1961,0
50,53858,26,3,4,53,6,150,1976,0
50,30983,49,0,8,4,3,1,1963,1
50,43462,15,1,8,17,5,6,1952,0
50,63943,21,4,5,184,6,97,1956,0
50,26816,3,0,4,1,3,4,1986,0
50,75484,34,3,4,97,6,194,1976,0
51,33564,7,1,5,0,3,0,1966,0
51,54348,4,0,6,0,4,0,1953,0
51,54984,6,1,7,13,6,3,1959,0
51,34738,2,0,6,2,3,0,1984,0
51,68118,154,9,6,23,4,23,1963,0
51,68118,154,9,6,23,4,23,1963,0
51,22682,36,1,4,14,4,2,1973,0
51,51948,41,2,5,33,4,30,1975,0
51,25293,9,1,8,0,2,2,1969,0
51,25293,9,1,8,0,2,2,1969,0
51,41551,23,1,8,0,5,0,1964,0
51,56067,120,4,5,12,7,6,1962,0
51,67433,30,5,4,28,13,48,1952,0
51,22010,8,0,8,2,3,0,1983,0
51,64831,144,3,6,86,5,86,1952,0
51,62820,53,4,1,61,6,61,1954,0
51,62820,53,4,1,61,6,61,1954,0
51,78353,34,2,8,122,11,153,1959,0
51,57183,70,1,8,5,7,0,1966,0
51,23478,39,0,8,6,3,17,1965,0
51,30168,27,1,9,20,4,12,1978,0
51,37155,3,0,5,0,4,15,1989,0
51,16581,11,0,4,3,3,3,1985,0
51,41850,4,0,8,5,3,13,1980,0
51,81380,103,2,2,68,10,68,1967,0
51,56386,75,1,9,48,7,32,1981,0
51,25818,9,1,7,2,2,2,1971,0
51,15345,19,1,8,2,2,2,1984,1
52,57954,9,2,7,4,6,0,1977,0
52,50300,5,1,2,15,8,23,1952,0
52,38725,5,0,4,0,4,1,1955,0
52,10404,12,0,5,2,4,6,1989,0
52,26868,2,0,7,0,2,3,1991,0
52,72298,35,3,1,35,6,17,1949,0
52,72905,203,7,1,114,9,165,1958,0
52,47025,26,3,6,7,5,0,1976,0
52,29938,11,0,6,3,3,2,1985,0
52,46681,38,6,5,15,4,19,1948,0
52,46681,38,6,5,15,4,19,1948,0
52,29548,11,1,4,1,2,1,1970,0
52,62058,58,1,6,7,7,0,1956,0
52,7500,96,10,3,42,4,66,1969,0
52,36736,4,0,6,0,2,0,1963,0
52,8820,4,0,8,0,3,2,1952,0
52,14918,15,0,6,3,3,4,1963,0
52,56715,9,3,4,105,4,172,1974,0
52,24882,36,1,6,4,2,0,1978,0
52,24882,36,1,6,4,2,0,1978,0
52,40442,13,1,7,12,4,22,1952,1
52,64176,149,9,6,33,8,116,1965,0
53,23536,1,0,3,0,3,0,1983,0
53,35246,10,1,5,0,3,2,1958,0
53,28442,6,1,4,3,4,8,1978,0
53,48195,5,2,6,27,5,7,1956,0
53,74116,166,4,2,111,10,55,1982,0
53,78093,10,7,1,32,5,43,1947,0
53,59354,14,1,6,2,5,5,1952,0
53,36301,12,0,7,12,3,5,1976,0
53,77598,33,5,3,33,13,66,1943,0
53,62710,11,2,4,35,12,29,1972,0
53,36317,13,0,7,3,4,2,1965,0
53,42767,38,1,8,6,2,5,1971,0
53,43815,15,0,6,10,3,7,1982,0
53,44421,7,0,8,5,4,1,1971,0
53,48948,42,10,6,8,5,49,1943,1
53,48948,42,10,6,8,5,49,1943,1
53,63120,69,4,7,69,9,41,1950,1
53,55517,36,1,9,0,6,6,1950,1
53,36864,89,2,8,5,4,0,1957,1
53,7500,22,0,0,2,1,4,1978,0
54,82582,241,9,1,120,7,40,1977,1
54,79803,33,3,1,8,5,16,1958,0
54,52569,7,0,3,0,4,0,1967,0
54,82032,57,6,1,194,7,125,1948,0
54,82032,57,6,1,194,7,125,1948,0
54,65685,57,2,5,14,9,7,1972,0
54,65685,57,2,5,14,9,7,1972,0
54,40451,10,1,5,0,2,0,1957,0
54,31163,10,0,6,3,3,2,1973,0
54,31163,10,0,6,3,3,2,1973,0
54,35704,30,0,4,9,4,11,1952,0
54,7500,20,1,7,3,3,7,1973,0
54,36075,30,0,6,0,4,1,1983,0
54,70038,130,4,2,54,8,54,1982,0
54,70038,130,4,2,54,8,54,1982,0
54,71796,32,3,4,21,4,75,1971,0
54,47821,10,0,8,0,3,6,1967,0
54,45503,18,1,5,4,4,1,1975,0
54,28647,26,2,7,8,2,12,1978,1
54,37760,0,0,6,3,3,10,1972,0
54,85431,53,7,0,53,7,53,1952,0
54,72635,107,8,3,22,6,35,1955,0
54,72635,107,8,3,22,6,35,1955,0
54,77142,97,4,2,75,8,151,1948,0
54,53172,125,3,3,62,8,20,1978,0
54,36065,3,0,8,7,3,2,1968,0
54,73926,15,5,3,91,12,91,1973,0
54,35790,3,0,7,6,3,1,1977,0
54,39552,41,2,8,3,5,24,1962,1
54,68316,33,7,6,80,10,11,1964,0
54,102160,58,9,4,29,10,176,1977,1
54,51390,56,2,5,20,5,2,1965,0
55,72066,34,6,2,34,6,51,1981,1
55,21675,4,0,7,0,3,4,1976,0
55,48006,2,0,6,0,3,2,1965,0
55,65106,19,3,6,19,13,0,1975,0
55,58401,29,2,4,0,2,29,1960,0
55,29315,4,0,6,2,4,7,1960,0
55,49389,3,0,7,0,3,1,1951,0
55,51717,5,0,7,1,4,1,1965,0
55,46779,7,1,4,1,2,0,1960,0
55,28520,20,1,6,0,2,2,1960,0
55,34377,26,2,7,0,2,1,1963,0
55,54959,24,5,7,0,4,0,1961,1
55,82384,190,10,1,51,13,120,1955,1
55,46998,27,3,7,41,5,6,1956,0
55,58554,88,2,7,24,6,0,1968,0
55,58554,88,2,7,24,6,0,1968,0
55,57333,176,5,6,14,9,58,1954,1
55,80685,54,4,2,45,10,26,1994,0
55,52117,20,2,7,10,4,0,1965,0
55,62220,12,6,6,12,5,12,1972,1
56,64014,8,2,7,0,5,0,1946,0
56,64014,8,2,7,0,5,0,1946,0
56,46390,38,2,7,14,3,9,1955,0
56,75507,80,6,3,93,6,80,1979,0
56,75507,80,6,3,93,6,80,1979,0
56,59412,11,2,3,67,8,43,1951,0
56,50616,4,0,7,0,4,1,1968,0
56,35924,7,0,5,0,3,3,1969,0
56,57937,133,4,3,42,9,48,1982,0
56,73356,112,11,2,14,5,14,1984,1
56,21255,3,1,4,0,4,2,1974,0
56,58494,19,2,6,7,6,0,1974,0
56,72460,10,5,1,10,7,30,1969,0
56,68682,45,9,2,0,10,30,1991,0
56,68682,45,9,2,0,10,30,1991,0
56,36959,0,0,8,6,3,0,1981,0
56,46463,11,1,6,2,6,11,1971,0
56,61825,27,2,4,50,8,30,1979,0
56,61825,27,2,4,50,8,30,1979,0
56,28691,4,0,8,4,3,0,1989,0
56,28691,4,0,8,4,3,0,1989,0
56,54058,54,6,3,18,8,108,1976,0
56,84196,190,4,3,63,7,31,1975,0
56,38620,89,5,3,17,3,22,1963,0
56,38620,89,5,3,17,3,22,1963,0
56,3502,1,0,14,1,0,0,1973,0
56,47743,20,1,6,2,6,12,1957,0
56,80360,43,4,2,86,5,43,1949,0
56,66303,60,4,8,12,11,12,1971,0
56,52413,65,4,6,106,12,98,1969,0
56,60714,162,4,5,162,10,92,1956,1
56,31385,9,0,8,2,2,1,1984,1
56,83257,67,10,6,27,12,107,1995,1
56,80427,26,8,5,71,8,71,1975,0
56,38823,23,1,6,0,3,8,1949,0
56,42014,50,1,8,15,6,15,1977,1
56,42014,50,1,8,15,6,15,1977,1
57,76140,26,9,2,66,6,0,1948,0
57,41713,25,1,6,8,4,10,1964,0
57,62670,38,3,3,30,13,46,1954,0
57,70932,185,2,3,193,12,185,1972,0
57,78939,205,5,3,115,6,0,1951,0
57,44512,2,0,4,1,3,0,1960,0
57,63967,162,4,2,84,12,35,1968,0
57,90842,93,9,1,70,13,187,1948,0
57,25358,8,0,6,0,3,0,1947,0
57,7500,6,0,6,3,3,2,1982,0
57,28567,6,0,6,3,3,2,1982,0
57,66373,109,2,3,9,10,24,1978,0
57,66373,109,2,3,9,10,24,1978,0
57,83844,191,4,1,31,11,31,1952,0
57,83844,191,4,1,31,11,31,1952,0
57,83844,191,4,1,31,11,31,1952,0
57,83664,86,2,5,21,12,21,1968,0
57,27450,52,1,7,12,3,11,1951,0
57,54880,118,2,5,85,11,45,1978,0
57,71322,204,5,4,43,13,10,1965,0
57,60000,12,3,6,0,5,0,1976,0
57,65176,70,6,6,28,6,70,1969,0
57,61010,76,5,5,0,11,0,1952,0
57,31089,4,0,8,3,4,8,1981,0
58,20518,9,1,5,1,2,1,1988,0
58,34469,12,1,4,6,4,5,1948,0
58,28332,9,1,2,10,4,15,1952,0
58,33456,7,0,7,3,3,1,1965,0
58,38443,1,0,7,0,3,0,1968,0
58,65333,30,4,6,7,8,15,1973,0
58,82623,173,9,1,34,4,153,1952,0
58,73691,73,2,2,21,8,43,1971,0
58,74485,49,7,3,149,12,49,1947,0
58,65748,34,4,1,73,10,78,1955,0
58,24367,5,0,9,4,2,11,1982,0
58,91700,19,6,3,172,5,115,1971,1
58,79244,245,10,1,102,7,61,1993,1
58,82017,23,4,2,23,7,23,1957,1
58,58138,88,10,7,88,4,88,1957,1
59,59354,13,4,3,21,7,13,1953,0
59,58482,7,4,6,7,9,7,1955,0
59,29478,1,0,6,0,3,1,1976,0
59,64474,93,2,5,35,10,86,1972,0
59,31160,13,0,8,3,3,1,1975,0
59,40321,27,0,7,4,3,0,1972,0
59,40321,27,0,7,4,3,0,1972,0
59,55239,106,5,5,17,11,24,1971,0
59,57513,30,3,6,40,13,20,1943,0
59,85693,111,5,5,172,11,132,1979,0
59,71855,28,5,3,31,11,112,1977,0
59,7500,16,0,8,16,3,1,1976,0
59,71969,10,4,8,0,9,0,1971,0
59,28973,12,1,8,0,5,2,1977,0
60,80872,108,4,1,72,10,12,1951,0
60,84117,26,10,2,76,6,45,1956,0
60,38741,13,0,7,10,3,6,1958,0
60,38961,24,1,7,7,2,1,1973,0
60,75922,92,4,1,138,9,23,1968,0
60,56962,26,3,7,3,5,3,1965,0
60,56962,26,3,7,3,5,3,1965,0
60,70165,122,7,1,0,11,191,1949,0
60,65308,34,8,4,0,12,80,1973,0
60,29298,1,0,5,0,2,0,1951,0
60,63246,7,3,4,30,12,22,1967,0
60,33402,8,1,8,2,3,5,1952,0
60,96843,17,11,2,71,10,17,1990,1
60,82333,17,3,2,0,10,89,1986,1
60,72643,53,10,2,80,7,94,1949,1
60,32313,7,0,9,4,4,4,1982,0
60,55284,63,5,5,7,8,7,1956,0
60,15287,13,1,7,2,2,3,1979,1
60,15287,13,1,7,2,2,3,1979,1
60,51563,36,4,8,0,10,0,1987,0
60,81929,185,4,6,55,10,0,1976,1
60,53593,43,2,8,4,6,0,1953,0
61,60432,11,2,6,3,5,3,1973,0
61,66726,47,2,7,7,4,0,1957,0
61,62450,38,5,3,47,4,66,1959,0
61,49514,93,1,7,39,4,13,1975,0
61,43269,1,0,8,1,2,0,1972,0
61,33762,16,2,8,1,2,0,1959,0
61,60894,54,3,7,7,8,0,1966,0
61,87771,33,10,6,38,4,57,1959,1
61,87771,33,10,6,38,4,57,1959,1
61,50737,10,0,6,0,4,0,1955,0
61,26150,1,0,7,1,3,5,1956,0
61,57304,106,6,5,80,10,17,1951,0
61,71107,195,6,4,10,13,174,1951,0
61,53253,125,3,5,9,5,9,1975,0
61,81320,57,3,2,33,10,103,1958,0
61,87000,49,6,2,25,7,17,1992,0
61,40049,28,2,5,65,6,44,1974,0
61,63684,80,4,5,80,8,93,1970,0
61,69016,161,9,5,53,13,107,1970,0
61,7500,5,0,8,2,2,0,1979,0
61,73803,174,5,6,80,6,26,1957,1
62,46094,5,0,7,2,3,2,1973,0
62,85844,38,6,2,19,7,95,1973,0
62,38452,2,0,7,0,3,0,1955,0
62,38452,2,0,7,0,3,0,1955,0
62,80395,48,5,2,25,12,76,1955,0
62,87679,33,11,4,172,10,148,1988,1
62,35416,51,1,8,3,5,3,1949,0
62,44124,52,2,8,0,5,6,1946,0
62,50729,52,2,6,13,7,4,1958,0
62,94384,172,8,2,24,5,45,1953,1
62,94384,172,8,2,24,5,45,1953,1
62,34412,55,0,9,12,3,36,1990,0
62,31158,5,0,8,6,3,0,1985,0
62,34838,47,1,6,23,4,14,1951,0
62,56775,35,8,5,35,10,35,1979,0
62,54356,0,2,8,15,8,0,1949,1
62,72159,53,6,2,53,10,40,1978,0
62,8028,2,1,19,18,0,12,1991,0
62,55951,40,6,8,0,11,13,1952,0
63,67911,0,7,3,0,11,28,1949,0
63,67911,0,7,3,0,11,28,1949,0
63,20427,1,0,8,0,2,0,1973,0
63,32303,2,0,5,0,4,0,1970,0
63,55954,43,2,7,0,6,0,1968,0
63,49187,0,1,2,1,5,1,1976,0
63,49854,30,2,6,17,5,0,1972,0
63,63693,54,6,6,43,9,87,1978,0
63,63693,54,6,6,43,9,87,1978,0
63,19510,7,0,7,0,3,4,1985,0
63,52332,2,2,4,5,6,0,1959,0
63,55593,106,6,6,8,3,4,1973,0
63,54591,24,2,5,4,8,9,1949,0
63,74859,73,5,3,73,11,102,1949,0
63,40851,24,1,7,1,2,4,1971,0
63,58607,19,3,8,0,9,0,1949,0
63,7500,40,2,9,17,2,26,1992,0
63,52614,38,4,8,0,8,9,1975,0
63,52614,38,4,8,0,8,9,1975,0
63,67445,11,6,6,80,12,80,1974,0
63,67445,11,6,6,80,12,80,1974,0
63,67445,11,6,6,80,12,80,1974,0
63,36778,4,0,9,4,3,4,1968,0
64,39453,2,0,6,0,3,0,1983,0
64,42731,24,1,5,2,5,2,1969,0
64,40760,6,1,6,0,3,0,1965,0
64,69969,44,2,3,29,6,29,1965,1
64,80317,57,4,1,11,10,91,1955,0
64,66636,0,4,1,10,9,10,1957,0
64,54730,56,1,4,3,8,7,1975,0
64,42835,98,6,6,4,4,9,1971,0
64,53843,73,5,7,0,3,4,1965,0
64,79530,29,10,2,0,11,42,1960,0
64,63841,131,3,6,15,9,7,1968,0
64,63841,131,3,6,15,9,7,1968,0
64,63841,131,3,6,15,9,7,1968,0
64,27100,10,0,7,0,3,0,1983,0
64,27100,10,0,7,0,3,0,1983,0
64,72309,0,6,3,0,8,38,1976,1
64,50664,126,1,9,8,6,4,1959,0
64,20194,15,0,6,4,3,10,1979,0
64,76618,147,2,1,40,5,160,1975,0
64,45207,2,1,6,0,6,0,1974,0
64,56721,75,1,6,6,5,13,1972,0
64,27038,15,0,9,26,3,23,1966,1
64,23763,6,0,7,0,3,2,1977,0
65,37085,3,0,8,1,3,0,1975,0
65,49605,8,1,3,16,4,20,1966,0
65,1730,1,0,20,1,0,1,1971,0
65,34824,4,0,6,2,2,0,1995,0
65,34824,4,0,6,2,2,0,1995,0
65,63206,26,3,2,8,6,8,1974,0
65,26759,2,1,6,3,3,5,1972,0
65,55412,8,0,5,5,3,1,1976,0
65,33590,2,0,7,0,2,0,1974,0
65,70886,53,4,2,70,4,88,1971,0
65,72679,54,7,1,54,5,54,1969,0
65,65073,8,3,2,17,5,0,1943,0
65,44300,3,0,6,0,3,0,1965,0
65,56129,48,2,4,48,10,72,1953,0
65,56129,48,2,4,48,10,72,1953,0
65,38590,3,0,8,1,2,3,1971,0
65,53083,13,1,7,7,5,0,1958,0
65,79689,121,9,2,26,13,37,1976,0
65,34704,5,0,5,0,3,1,1966,0
65,65316,38,2,4,6,5,9,1962,0
65,41014,3,0,7,2,2,0,1978,0
65,19740,20,1,5,11,3,4,1960,0
65,23724,14,0,8,23,3,18,1979,0
65,55212,34,2,8,0,11,0,1969,0
65,55212,34,2,8,0,11,0,1969,0
65,79800,224,11,3,21,5,0,1955,1
65,70647,114,7,2,85,13,123,1967,0
65,38410,14,2,6,64,9,64,1974,1
65,28071,44,1,8,33,5,26,1980,0
65,54803,142,2,4,0,9,27,1969,0
66,74293,81,4,2,152,6,91,1993,0
66,74293,81,4,2,152,6,91,1993,0
66,35684,3,0,6,4,3,6,1984,0
66,34320,0,0,8,1,2,0,1986,0
66,41967,15,0,4,4,3,2,1981,0
66,49681,21,1,7,0,7,0,1976,0
66,49681,21,1,7,0,7,0,1976,0
66,53187,10,1,5,2,6,7,1970,0
66,86610,53,6,2,107,6,196,1951,0
66,70951,54,4,1,10,9,87,1985,0
66,24206,3,0,6,2,3,2,1970,0
66,55357,64,2,5,64,11,25,1985,0
66,58113,84,2,7,104,8,78,1959,0
66,70643,33,8,6,107,4,143,1984,1
66,64355,153,3,8,0,12,38,1985,0
66,82576,18,4,1,55,12,18,1959,0
67,41644,2,0,3,3,3,0,1972,0
67,72570,224,6,1,83,12,141,1984,0
67,30630,10,0,7,1,3,0,1965,0
67,22944,26,0,7,3,3,5,1981,0
67,86979,35,5,2,100,5,83,1971,1
67,7500,20,3,7,20,10,50,1970,0
67,82072,129,2,1,55,13,92,1970,0
67,52034,73,2,7,0,5,13,1973,0
67,72354,182,10,1,26,6,12,1993,0
67,28427,6,0,8,3,3,3,1983,0
67,28427,6,0,8,3,3,3,1983,0
67,39858,26,0,6,20,4,7,1969,1
67,67381,70,2,7,8,9,0,1951,0
67,23529,20,1,6,7,2,2,1965,0
67,51479,65,3,7,8,6,8,1967,0
67,76068,76,3,6,12,4,12,1975,0
67,22507,68,2,9,0,4,157,1954,0
67,52413,12,1,7,8,7,56,1984,0
68,50116,2,0,5,0,4,0,1957,0
68,76624,66,10,1,106,7,115,1962,0
68,34587,2,0,4,2,3,0,1953,0
68,62159,29,2,4,17,10,70,1946,0
68,66294,117,3,2,108,5,92,1965,0
68,5648,13,0,20,0,0,1,1950,0
68,37235,20,1,4,2,2,6,1984,0
68,85620,46,6,1,46,4,107,1964,1
68,23976,25,1,7,1,3,3,1984,0
68,41020,36,2,3,1,4,7,1987,0
68,36108,47,1,9,8,4,11,1984,0
68,57530,1,1,1,1,4,7,1951,0
68,62905,59,2,4,75,8,107,1964,0
68,65846,81,3,4,81,6,40,1945,0
68,34380,24,1,8,7,3,1,1977,0
68,41638,91,5,8,0,3,0,1964,0
68,63207,70,3,7,169,6,169,1992,0
68,28320,4,0,8,1,3,2,1950,0
68,43140,11,1,6,8,5,0,1957,0
68,52531,125,2,6,112,10,72,1971,0
68,40246,1,0,6,1,2,1,1977,0
68,35196,187,1,8,12,5,39,1984,1
68,35196,187,1,8,12,5,39,1984,0
68,70596,26,5,2,44,12,0,1985,0
68,70596,26,5,2,44,12,0,1985,0
69,52597,42,3,5,0,8,0,1962,0
69,42394,4,0,7,2,3,1,1972,0
69,81657,50,4,1,40,8,60,1969,0
69,49154,71,1,6,10,8,27,1960,0
69,34074,67,3,6,1,3,1,1952,0
69,7500,61,5,3,138,12,30,1989,0
69,70638,63,5,3,12,10,12,1955,0
69,38136,33,1,8,15,2,20,1978,0
69,67432,170,5,4,79,4,136,1973,0
69,40689,99,1,8,3,5,6,1951,0
69,40689,99,1,8,3,5,6,1951,0
69,101970,168,8,2,27,13,72,1983,1
69,44325,5,2,8,0,7,0,1972,0
69,61467,49,2,5,16,10,5,1948,0
69,48178,38,1,8,4,4,2,1975,0
69,16005,47,1,8,3,2,30,1980,0
70,79593,145,6,2,60,7,133,1973,0
70,79593,145,6,2,60,7,133,1973,0
70,61180,218,5,3,24,6,24,1959,0
70,64449,70,3,4,63,12,35,1989,0
70,77437,29,5,1,21,13,44,1963,0
70,17649,1,0,8,1,3,5,1976,0
70,53103,195,6,7,17,7,0,1954,0
70,71819,168,3,6,28,5,14,1971,0
70,74290,12,8,6,0,10,12,1971,0
70,72282,153,7,7,27,9,139,1951,1
70,47352,15,1,7,12,5,0,1951,0
70,47352,15,1,7,12,5,0,1951,0
70,46524,52,1,3,19,5,14,1961,0
70,50200,64,1,8,6,5,6,1976,0
70,18222,14,0,8,4,3,6,1990,0
70,77610,16,7,7,33,4,33,1952,0
70,38097,69,2,7,2,2,1,1970,1
70,44377,10,1,8,0,5,0,1968,0
71,58684,85,3,2,35,12,7,1981,0
71,66480,6,1,4,9,7,21,1965,0
71,49638,0,0,2,10,3,5,1952,0
71,50616,9,1,2,2,4,1,1950,0
71,26642,8,0,6,2,3,2,1967,0
71,33235,6,0,7,0,3,1,1986,0
71,23228,0,0,8,2,3,1,1969,0
71,36732,7,1,2,5,4,1,1959,0
71,82657,126,5,4,168,10,105,1946,0
71,64140,215,5,5,0,6,15,1964,1
71,44392,29,1,7,5,4,12,1974,0
71,16185,45,2,8,11,2,8,1990,0
71,38702,40,0,6,11,4,8,1978,0
71,54072,0,0,8,0,2,0,1963,0
71,61787,85,4,5,73,6,48,1987,0
71,34935,20,1,7,4,4,10,1992,0
71,34935,20,1,7,4,4,10,1992,0
71,59292,14,5,3,14,8,14,1950,0
71,59292,14,5,3,14,8,14,1950,0
71,57959,33,7,3,16,11,24,1955,0
71,92491,22,5,3,44,12,25,1983,1
71,42207,46,1,6,11,5,17,1984,1
71,46984,8,0,5,1,3,1,1956,0
71,23442,5,0,7,0,3,6,1987,0
71,46757,122,4,9,30,7,51,1963,0
71,14515,35,2,7,4,3,36,1980,1
71,80910,41,3,1,80,8,39,1986,0
71,30545,12,0,7,12,3,7,1979,0
71,44802,20,4,8,10,12,10,1970,0
72,79941,174,4,1,164,9,30,1976,0
72,79734,17,3,1,8,6,62,1969,0
72,50353,35,4,3,15,6,31,1977,0
72,77376,12,3,4,19,10,12,1956,0
72,78075,80,5,1,8,5,35,1972,0
72,42473,25,1,5,1,4,4,1976,0
72,25008,9,0,8,8,3,1,1988,0
72,56223,4,1,4,28,5,0,1948,0
72,47850,10,0,6,7,4,12,1980,0
72,91820,30,5,1,73,12,161,1986,0
72,40637,3,0,7,0,3,0,1965,0
72,23295,5,0,8,0,2,12,1959,0
72,84574,163,11,5,20,11,54,1952,0
72,54165,11,1,2,4,7,6,1969,0
72,28510,19,0,5,5,4,4,1981,0
72,67131,62,2,6,71,12,35,1956,0
72,56242,88,4,6,8,11,8,1969,0
72,86580,20,2,1,21,5,20,1983,0
72,76005,40,5,6,20,13,50,1955,0
72,54693,35,4,6,17,13,26,1962,0
72,52750,69,7,4,0,9,69,1955,0
72,36997,27,1,5,4,4,0,1968,0
72,34230,2,0,7,0,2,0,1965,0
72,47916,75,4,6,0,6,0,1960,0
72,60839,128,2,8,21,12,150,1979,0
72,79930,17,5,2,86,8,51,1972,0
72,55158,23,2,7,0,5,11,1970,1
73,85485,54,6,2,26,6,18,1958,0
73,75865,12,5,1,0,10,0,1943,0
73,44375,41,1,5,5,6,7,1965,0
73,60504,34,2,6,0,8,4,1971,0
73,65492,47,7,2,161,13,85,1959,0
73,67506,67,1,3,38,6,36,1980,0
73,68805,20,1,2,2,7,13,1959,0
73,61209,99,3,2,0,4,49,1970,0
73,66825,40,5,2,101,6,40,1967,0
73,87188,55,2,3,111,6,74,1983,1
73,84953,72,10,2,48,4,72,1953,1
73,74637,16,9,3,64,9,0,1954,0
73,86111,126,7,2,28,10,40,1962,0
73,77632,147,2,2,105,6,42,1947,1
73,31814,20,0,9,3,3,1,1973,0
73,70116,29,8,1,44,12,58,1972,0
73,48240,41,3,5,91,13,49,1969,1
73,40101,62,1,7,3,6,24,1985,0
73,70503,66,4,6,33,9,33,1953,0
73,79205,44,5,4,23,4,28,1975,1
74,51766,51,2,5,51,4,20,1980,0
74,62994,12,2,6,12,4,12,1980,0
74,65640,66,1,2,7,8,15,1974,0
74,38361,14,1,7,0,3,8,1969,0
74,38361,14,1,7,0,3,8,1969,0
74,19986,6,0,7,6,3,2,1985,0
74,19986,6,0,7,6,3,2,1985,0
74,72903,39,5,4,138,8,19,1985,1
74,45072,30,1,8,2,4,2,1948,0
74,59062,9,0,4,1,3,0,1967,0
74,61794,11,4,2,47,10,47,1961,0
74,45143,14,1,7,5,5,5,1965,0
74,45143,14,1,7,5,5,5,1965,0
74,26877,40,1,6,13,6,18,1969,0
74,36921,4,0,7,1,3,1,1965,0
74,54342,28,1,6,10,4,10,1956,0
74,62772,108,6,2,49,11,8,1969,0
74,75032,12,4,3,12,9,12,1959,0
74,22419,42,2,8,3,2,21,1963,0
74,22419,42,2,8,3,2,21,1963,0
74,36550,120,1,9,90,5,103,1978,0
74,75027,77,4,5,64,6,12,1953,0
74,63159,37,5,3,34,8,86,1974,0
74,54108,97,2,8,6,9,6,1973,0
74,81795,88,11,2,132,7,118,1952,0
74,59594,9,1,7,4,7,0,1965,0
75,18492,1,0,8,2,2,1,1982,0
75,94472,16,5,5,33,5,100,1958,0
75,70337,91,2,1,81,12,43,1979,0
75,34853,2,0,6,3,3,3,1973,0
75,7500,126,5,1,126,11,126,1943,1
75,16269,0,0,8,3,3,1,1984,0
75,50272,4,1,7,13,5,8,1982,0
75,22804,1,0,9,1,2,1,1971,0
75,22804,1,0,9,1,2,1,1971,0
75,30631,20,1,7,6,2,5,1974,0
75,78420,28,10,1,28,8,28,1966,0
75,81741,38,6,2,153,7,134,1980,0
75,25721,15,1,7,3,2,6,1971,1
75,31907,74,1,7,87,6,16,1972,0
75,37859,2,0,8,1,3,1,1962,0
75,30261,6,0,8,0,3,3,1972,0
75,21645,19,0,9,0,3,5,1979,1
76,21282,20,1,6,5,2,8,1978,0
76,32144,3,1,7,0,3,0,1954,0
76,62637,5,2,2,12,5,12,1954,0
76,16626,13,0,9,3,3,1,1971,0
76,54690,18,1,3,16,5,9,1971,0
76,54690,18,1,3,16,5,9,1971,0
76,61284,45,2,6,15,8,7,1955,0
76,23718,36,1,7,3,2,7,1976,0
76,33419,18,0,7,0,4,0,1962,0
76,82025,98,2,1,98,6,70,1983,1
76,15056,40,2,5,12,3,6,1958,0
76,48192,29,8,8,43,12,58,1958,1
76,67309,95,6,7,47,9,95,1967,0
76,66033,65,3,7,35,7,59,1957,0
76,28769,3,1,9,5,4,3,1977,0
76,6835,12,0,20,2,1,2,1957,0
76,32880,2,0,8,4,3,6,1986,0
76,23616,32,0,8,22,3,7,1982,1
76,19419,7,0,9,14,3,3,1981,0
77,34961,1,1,7,2,3,1,1973,0
77,64892,65,4,4,24,12,24,1976,0
77,16248,9,1,6,11,3,12,1988,0
77,43776,3,0,6,0,2,1,1983,0
77,52074,48,2,4,0,2,0,1967,0
77,22123,31,1,5,3,3,7,1960,0
77,35544,4,0,7,5,3,1,1978,0
77,59060,12,1,4,40,7,40,1989,0
77,65665,29,10,3,162,8,36,1976,0
77,29819,2,0,6,1,3,1,1971,0
77,81217,84,7,1,70,11,40,1989,0
77,81217,84,7,1,70,11,40,1989,0
77,26095,11,0,7,7,3,1,1990,0
77,65706,129,3,7,10,12,0,1970,1
77,31859,5,0,7,1,2,0,1976,0
77,93027,21,10,2,42,5,0,1941,0
77,58710,174,5,6,81,9,122,1970,0
77,49618,14,1,7,3,3,2,1966,0
77,58308,130,6,8,0,3,0,1964,0
77,40800,10,0,7,0,3,30,1964,0
77,18690,19,1,8,1,2,4,1959,0
77,18690,19,1,8,1,2,4,1959,0
77,18690,19,1,8,1,2,4,1959,0
77,28087,21,2,7,8,2,0,1958,0
77,75702,30,6,8,28,11,42,1967,0
78,32892,2,0,8,0,3,1,1971,0
78,32892,2,0,8,0,3,1,1971,0
78,89120,55,6,1,92,7,129,1959,0
78,27116,3,0,7,1,3,2,1961,0
78,46107,33,1,3,9,4,9,1989,0
78,54466,0,0,5,0,2,0,1973,0
78,59686,5,1,4,15,6,42,1965,0
78,82460,15,3,1,47,6,32,1950,0
78,76045,0,5,2,53,11,93,1960,0
78,83829,27,7,1,161,6,161,1975,1
78,83829,27,7,1,161,6,161,1975,1
78,32889,8,1,5,0,3,2,1968,0
78,33462,11,0,7,3,3,0,1979,0
78,36627,1,0,5,1,3,0,1975,0
78,28718,16,0,8,4,3,8,1982,0
78,77981,60,4,5,120,7,126,1972,0
78,60230,40,3,5,20,6,81,1956,0
78,74918,59,9,3,59,6,19,1969,0
78,40464,41,2,8,17,8,23,1953,0
78,64857,43,5,4,14,10,0,1956,0
78,64857,43,5,4,14,10,0,1956,0
78,63381,159,5,2,50,13,50,1960,0
78,63381,159,5,2,50,13,50,1960,0
78,66664,32,7,3,96,6,96,1982,0
78,66664,32,7,3,96,6,96,1982,0
78,86358,95,3,8,47,6,47,1966,0
79,41443,89,1,8,7,5,19,1977,0
79,57072,30,5,5,0,13,0,1961,0
79,54178,7,2,2,9,5,0,1967,0
79,48767,10,1,5,1,3,0,1950,0
79,51124,4,0,3,1,3,1,1955,0
79,43020,43,1,6,7,4,25,1970,0
79,49980,14,1,5,1,5,9,1963,0
79,72906,54,4,1,32,9,75,1955,0
79,25176,5,0,7,0,2,0,1976,0
79,96876,21,7,2,43,9,194,1977,1
79,31086,16,1,8,2,2,0,1979,0
79,24072,4,0,8,1,2,0,1983,0
79,76773,16,2,1,56,11,33,1954,0
79,72190,249,6,3,166,4,166,1965,0
79,83837,111,10,4,66,5,89,1948,1
79,17345,12,1,8,9,2,0,1978,0
79,75154,82,3,3,10,6,143,1958,1
80,28249,10,0,6,9,3,14,1961,0
80,28249,10,0,6,9,3,14,1961,0
80,69661,8,3,3,16,12,16,1980,0
80,27922,11,0,4,0,3,4,1979,0
80,45903,3,1,4,8,3,10,1966,0
80,36273,9,0,6,3,3,2,1977,0
80,70777,78,3,3,35,12,7,1968,0
80,17148,16,1,8,9,3,10,1976,0
80,66476,57,8,4,28,10,9,1969,0
80,45057,3,0,5,0,3,0,1979,0
80,41120,24,1,6,2,3,8,1968,0
80,7500,39,3,2,11,4,2,1959,0
80,19485,0,0,7,0,2,0,1986,0
80,21840,1,0,9,0,3,0,1983,0
80,41473,9,0,7,8,3,3,1985,0
80,31395,7,1,6,1,3,8,1956,0
80,68117,36,8,6,44,4,17,1947,1
80,47682,61,3,5,61,8,57,1975,0
80,83151,210,7,2,147,10,42,1972,1
80,58086,15,3,8,7,7,0,1969,0
80,84460,81,9,5,27,4,54,1958,1
80,66565,42,2,8,10,9,40,1962,0
80,23910,13,0,7,12,3,1,1969,0
80,35893,18,1,8,0,5,0,1968,0
80,71128,31,10,7,159,12,0,1973,0
80,38683,66,1,7,35,6,41,1989,0
80,37150,116,3,7,37,6,34,1971,0
80,61064,180,4,6,126,11,45,1976,0
81,51650,7,1,5,3,4,5,1976,0
81,55249,11,1,3,1,4,0,1956,0
81,46854,79,1,8,1,3,1,1973,1
81,14421,8,0,5,0,2,3,1996,0
81,54132,3,0,7,1,3,0,1969,0
81,153924,1,0,0,1,0,1,1975,0
81,64813,52,2,5,0,10,97,1978,0
81,61872,16,4,4,5,9,27,1970,0
81,58025,22,2,4,31,10,48,1979,0
81,83790,16,10,3,16,6,48,1948,0
81,34350,11,0,7,3,3,1,1979,0
81,33438,6,1,5,1,4,2,1958,0
81,21955,11,1,6,1,3,14,1986,0
81,60491,76,11,5,47,7,19,1971,0
81,59304,10,8,5,61,10,51,1964,0
81,34421,9,0,7,3,2,2,1974,0
81,34421,9,0,7,3,2,2,1974,0
81,51411,1,0,5,0,3,0,1953,0
81,71964,86,6,3,51,5,34,1958,0
81,64504,108,3,7,36,4,0,1953,1
81,49678,20,2,7,5,4,2,1961,0
81,60482,24,2,7,43,7,14,1976,0
81,55260,242,10,6,8,5,0,1972,0
81,67369,42,4,4,0,10,14,1969,1
81,47175,19,2,8,2,4,2,1962,1
81,68743,115,5,7,134,13,134,1967,0
81,56937,8,6,6,8,9,8,1981,1
82,83033,33,4,5,99,10,149,1986,0
82,37697,8,1,6,6,3,4,1976,0
82,37697,8,1,6,6,3,4,1976,0
82,44689,11,1,7,0,2,0,1951,0
82,23162,22,1,6,3,3,4,1970,0
82,63033,30,4,2,61,8,112,1959,0
82,40304,3,0,7,0,3,0,1967,0
82,40059,145,2,8,29,3,10,1984,0
82,80067,51,6,2,17,6,173,1954,0
82,36038,7,0,6,0,3,2,1981,0
82,7500,7,0,6,0,3,2,1981,0
82,40521,4,1,5,0,2,0,1968,0
82,66334,23,3,5,11,5,0,1956,1
82,11012,23,1,9,3,2,1,1984,0
82,31615,9,0,7,3,3,11,1976,0
82,7500,9,1,8,1,3,0,1971,0
82,69098,178,8,5,22,9,0,1949,0
82,70792,114,4,3,45,10,11,1951,0
82,17688,2,0,8,2,2,1,1979,0
82,25443,7,0,8,4,3,9,1989,0
82,57091,4,2,7,0,5,0,1972,1
82,24336,12,0,7,6,2,2,1981,0
83,51111,3,0,6,0,3,5,1981,0
83,44503,8,0,6,1,3,0,1972,0
83,56850,0,1,2,1,3,7,1971,0
83,66582,0,8,1,25,9,38,1969,0
83,23148,10,0,7,6,3,3,1985,0
83,82224,40,9,3,26,5,31,1964,0
83,61917,1,0,5,4,4,2,1974,0
83,43482,28,0,6,1,4,3,1966,0
83,68274,46,2,3,25,5,25,1979,0
83,42373,19,1,5,5,5,8,1974,0
83,7500,24,1,6,0,4,0,1954,0
83,57537,100,3,4,56,8,8,1979,0
83,80995,56,9,4,28,4,56,1958,0
83,30992,2,0,7,0,3,3,1976,0
83,30992,2,0,7,0,3,3,1976,0
83,78642,17,9,6,0,4,35,1971,0
83,74268,41,3,2,66,5,174,1955,0
83,75072,125,4,3,34,8,22,1962,0
83,56253,5,2,6,0,9,11,1963,0
83,59925,56,2,6,21,9,21,1955,0
83,62807,99,3,5,28,12,21,1960,0
83,62807,99,3,5,28,12,21,1960,0
84,23626,0,1,5,2,3,0,1970,0
84,46106,14,1,6,0,2,0,1976,0
84,81168,22,4,3,0,7,22,1965,0
84,27244,46,2,7,5,2,24,1979,0
84,26091,20,1,5,10,3,17,1957,0
84,26091,20,1,5,10,3,17,1957,0
84,43142,4,0,7,1,2,1,1969,0
84,38232,33,1,5,5,3,6,1971,0
84,92533,42,5,2,21,11,147,1985,0
84,63285,134,5,3,124,13,38,1945,0
84,38946,41,1,5,6,6,6,1955,0
84,38946,41,1,5,6,6,6,1955,0
84,40233,2,1,6,4,5,17,1975,0
84,46831,34,2,4,2,2,4,1969,0
84,67605,54,8,1,28,6,54,1987,0
84,70379,8,3,4,25,13,67,1976,0
84,77297,41,7,4,61,9,122,1957,0
84,55759,77,3,8,0,8,7,1962,0
84,58217,13,0,6,1,4,5,1951,0
84,51369,182,2,8,7,4,11,1976,0
84,51369,182,2,8,7,4,11,1976,0
84,91249,27,9,4,27,6,108,1956,1
84,52513,232,5,7,17,9,188,1978,0
85,44159,7,1,5,2,6,13,1970,0
85,76081,200,5,2,30,4,33,1962,0
85,76081,200,5,2,30,4,33,1962,0
85,39996,1,0,6,0,2,0,1974,0
85,55012,13,2,5,0,9,0,1973,0
85,77457,11,5,1,11,10,45,1947,0
85,80695,18,8,2,129,5,37,1963,0
85,71866,33,3,3,178,10,39,1956,0
85,73450,37,8,3,51,11,69,1982,0
85,55614,26,4,7,13,6,0,1944,0
85,156924,1,0,0,1,0,1,1949,0
85,30753,30,1,5,5,3,9,1967,0
85,54603,4,2,7,13,4,2,1956,0
85,22280,2,0,8,1,2,1,1975,0
85,59385,36,1,5,0,4,4,1951,0
85,76998,107,8,6,89,8,35,1955,0
85,80573,15,6,2,138,13,92,1971,0
85,80573,15,6,2,138,13,92,1971,0
86,24711,7,0,7,7,3,3,1982,0
86,38829,16,2,5,0,2,0,1959,0
86,71466,0,4,1,12,10,182,1974,0
86,28839,1,0,5,0,3,0,1956,0
86,53790,5,2,6,42,8,5,1951,0
86,73705,107,6,5,91,8,107,1951,0
86,22448,18,1,3,1,3,2,1982,0
86,12571,17,1,6,5,3,12,1976,0
86,73113,28,4,2,19,7,9,1960,0
86,35765,15,0,6,3,4,5,1990,0
86,46734,76,2,6,1,3,1,1966,0
86,66313,7,3,4,7,12,22,1963,0
86,68148,85,4,2,66,6,57,1957,0
86,44393,10,0,4,2,4,2,1965,0
86,38197,3,0,5,0,3,1,1986,0
86,51012,24,1,6,9,4,9,1946,0
86,51012,24,1,6,9,4,9,1946,0
86,13672,5,0,8,2,3,1,1960,0
86,41452,0,0,7,0,2,0,1953,0
86,42081,27,3,6,10,4,6,1982,0
86,14906,15,1,7,7,3,16,1986,0
86,33812,39,1,6,17,3,24,1985,0
86,46098,36,2,8,0,2,0,1975,0
86,46098,36,2,8,0,2,0,1975,0
86,46098,36,2,8,0,2,0,1975,1
86,53230,229,2,5,72,12,21,1956,0
87,88420,153,7,1,153,8,95,1989,0
87,39548,18,1,3,4,3,4,1963,0
87,61278,15,1,6,3,4,6,1953,0
87,81246,37,5,1,190,7,156,1964,0
87,58330,151,4,4,53,13,98,1975,0
87,58330,151,4,4,53,13,98,1975,0
87,65777,54,8,1,32,6,32,1967,0
87,70829,23,2,3,70,8,19,1980,0
87,7500,18,4,1,37,8,28,1973,0
87,59247,83,2,6,9,9,14,1962,0
87,25930,4,0,7,1,2,0,1967,0
87,54753,131,2,4,107,11,59,1959,0
87,28440,0,0,8,1,3,0,1974,0
87,23559,23,0,7,5,3,0,1973,0
87,62335,26,3,2,131,13,6,1952,0
87,63777,53,1,8,5,6,17,1979,0
87,59666,133,2,8,53,8,17,1972,0
87,50965,29,4,8,13,5,6,1956,0
87,71488,172,4,1,33,7,28,1965,0
87,72228,56,7,3,28,8,14,1952,0
87,46231,12,1,9,2,4,5,1953,0
87,75702,37,5,6,0,13,37,1974,0
87,43300,31,0,8,3,4,1,1971,1
87,78618,61,7,2,163,10,163,1957,0
87,7500,6,0,5,4,3,2,1958,0
87,29760,17,1,8,4,4,5,1985,0
87,29760,17,1,8,4,4,5,1985,0
88,50127,15,1,6,0,6,6,1962,0
88,29604,14,0,9,6,3,6,1988,0
88,49413,46,2,5,7,5,2,1952,0
88,51876,6,2,1,27,8,48,1958,0
88,45837,24,2,7,13,5,17,1974,0
88,85696,12,6,1,76,9,0,1962,1
88,85696,12,6,1,76,9,0,1962,1
88,59432,12,3,5,25,11,19,1962,0
88,43185,30,3,8,6,6,6,1951,0
88,60631,19,2,7,6,8,6,1975,0
88,20559,7,0,8,1,3,0,1985,0
88,50898,135,2,5,28,12,114,1956,0
88,73807,54,5,2,124,11,78,1978,0
88,14661,2,0,6,1,3,2,1956,0
88,36807,5,0,6,2,2,0,1954,0
88,46772,57,8,8,104,5,151,1975,0
89,81574,0,5,1,0,8,35,1947,0
89,30772,4,0,6,2,2,1,1976,0
89,46377,0,1,4,0,3,3,1978,0
89,78128,36,4,3,24,6,24,1974,0
89,83443,84,10,2,42,5,56,1972,0
89,50523,1,0,6,4,4,7,1960,0
89,47009,90,2,4,45,8,10,1965,0
89,37054,5,0,7,1,3,1,1967,0
89,32011,5,1,7,0,4,1,1971,0
89,82122,100,9,1,22,13,25,1962,0
89,70300,46,5,8,61,13,46,1975,0
89,21024,18,0,7,4,4,2,1976,0
89,34916,42,1,9,23,3,0,1968,0
89,27943,3,0,8,1,3,1,1967,0
89,39791,21,1,7,15,4,13,1971,0
89,62745,32,8,5,21,11,10,1965,0
89,18589,13,1,7,4,3,12,1969,0
89,85606,84,7,3,42,9,30,1976,0
89,26997,144,2,7,23,5,49,1951,0
89,82332,19,3,2,59,12,79,1961,1
90,38853,2,0,7,0,3,0,1970,0
90,27071,3,0,6,3,3,2,1968,0
90,90933,79,6,1,31,4,63,1954,0
90,65814,35,2,5,14,10,14,1966,0
90,74250,0,11,1,11,4,0,1958,0
90,33181,4,0,6,0,2,0,1976,0
90,45006,10,1,3,25,7,0,1944,0
90,42315,80,4,3,15,4,11,1958,0
90,48699,1,0,5,1,3,0,1950,0
90,59111,155,1,7,0,8,28,1954,0
90,48726,59,2,6,3,4,0,1955,0
90,37244,25,1,7,2,2,0,1955,0
90,74854,73,5,5,59,5,29,1970,0
90,60896,153,10,6,30,4,46,1964,1
90,67546,172,10,3,134,5,38,1988,0
90,67546,172,10,3,134,5,38,1988,0
90,46923,6,1,7,44,7,78,1987,0
90,38988,42,1,8,24,6,3,1972,0
90,49118,119,7,7,54,10,98,1971,1
90,27683,45,2,8,9,4,12,1978,0
91,39190,12,1,5,8,4,8,1974,0
91,56981,24,3,6,48,13,12,1981,0
91,23228,5,0,8,3,4,4,1984,0
91,90000,241,8,1,144,5,192,1984,0
91,55707,35,2,3,7,9,66,1953,0
91,9255,4,1,8,0,2,0,1989,0
91,42997,5,0,7,0,2,1,1977,0
91,71232,17,2,7,17,10,26,1959,0
91,57744,19,1,8,3,4,0,1954,0
91,33585,29,0,4,11,4,6,1966,0
91,46891,61,1,4,12,4,15,1965,0
91,46891,61,1,4,12,4,15,1965,0
91,50387,34,2,5,9,8,14,1956,0
91,76653,126,7,2,63,11,189,1969,0
91,76542,14,8,2,73,10,29,1956,0
91,76995,176,4,5,80,9,16,1949,0
91,38415,4,0,7,1,3,0,1978,0
91,22304,2,0,8,2,2,4,1956,0
92,75127,227,11,1,35,5,17,1952,0
92,75127,227,11,1,35,5,17,1952,0
92,39722,8,0,5,0,3,0,1953,0
92,7144,291,1,0,4,1,2,1966,0
92,39771,14,0,4,2,3,8,1977,0
92,42618,10,0,8,14,4,5,1972,0
92,51518,4,2,3,8,10,4,1958,0
92,74716,71,3,4,27,5,195,1972,0
92,33955,10,1,8,2,5,7,1975,0
92,45736,43,1,7,3,6,3,1954,0
92,31632,32,1,7,8,2,15,1971,0
92,60093,90,2,6,12,10,6,1974,0
92,30822,12,0,7,9,3,12,1969,0
92,41728,13,0,10,6,2,5,1968,0
92,80739,92,11,1,92,9,0,1958,0
92,49767,149,4,4,47,8,42,1991,0
92,34445,30,2,9,122,8,129,1981,0
92,67046,107,5,2,35,4,151,1951,0
92,73538,107,4,7,76,9,137,1965,0
92,80398,26,8,3,51,12,35,1966,0
92,52973,199,6,8,0,9,9,1956,0
92,38998,5,0,8,1,3,0,1954,0
92,38998,5,0,8,1,3,0,1954,0
92,26490,25,1,6,47,5,20,1958,0
92,26490,25,1,6,47,5,20,1958,0
92,23331,45,0,8,36,3,10,1988,0
92,60544,35,1,6,2,5,5,1961,0
92,60544,35,1,6,2,5,5,1961,0
92,49269,58,3,7,8,12,8,1971,0
92,27203,24,1,8,2,2,0,1950,0
93,45204,18,1,3,11,4,1,1988,0
93,67023,17,7,2,44,13,8,1978,0
93,77583,108,5,2,23,9,12,1978,0
93,76630,175,10,1,31,11,56,1983,0
93,47353,4,2,5,2,6,8,1960,0
93,48920,6,2,7,17,5,10,1964,0
93,67472,69,2,3,31,7,17,1947,0
93,64100,10,3,7,0,6,0,1964,0
93,38872,22,0,8,3,3,19,1988,0
93,72217,154,10,2,42,8,56,1962,0
93,15038,26,1,9,8,2,12,1987,0
93,13624,6,0,6,2,3,1,1976,0
93,42554,0,0,4,1,3,0,1978,0
93,71952,93,4,4,80,8,107,1986,0
93,71952,93,4,4,80,8,107,1986,0
93,78041,17,4,2,35,9,160,1971,0
93,63972,12,4,4,63,10,12,1964,0
93,52852,47,7,8,8,5,0,1957,0
93,62010,92,2,5,22,7,0,1972,0
93,83151,18,9,3,28,4,74,1960,0
93,77870,133,5,8,50,5,50,1967,1
94,46931,16,1,3,0,3,1,1977,0
94,85072,241,4,0,92,10,11,1977,0
94,73395,11,4,2,7,6,7,1987,0
94,62307,10,0,5,13,4,6,1952,0
94,58293,15,3,5,43,6,27,1981,0
94,47889,4,0,5,0,3,5,1974,0
94,24594,9,0,5,3,3,0,1979,0
94,24594,9,0,5,3,3,0,1979,0
94,69882,165,7,1,127,9,127,1965,0
94,24221,22,1,4,9,3,5,1959,0
94,22327,5,0,5,4,3,0,1985,0
94,61923,6,1,3,4,4,3,1961,0
94,35791,3,0,8,0,3,0,1965,0
94,35791,3,0,8,0,3,0,1965,0
94,91172,56,3,3,28,7,28,1990,1
94,35441,1,0,8,1,3,1,1967,0
94,19656,32,1,7,4,3,8,1970,0
94,7500,5,0,6,2,3,1,1987,0
94,71626,72,5,3,72,8,145,1979,0
94,75330,61,3,6,82,12,61,1977,0
94,34529,41,2,7,6,3,6,1976,0
94,48789,145,4,6,16,7,5,1992,0
94,34487,8,0,9,18,3,1,1977,0
94,35688,32,1,8,3,4,1,1973,0
94,35688,32,1,8,3,4,1,1973,0
94,53700,83,5,5,5,8,41,1952,0
95,73454,175,4,5,73,6,14,1987,0
95,71113,8,7,4,33,9,33,1957,0
95,7500,147,1,7,0,5,6,1955,0
95,31535,19,1,7,4,2,0,1980,0
95,80812,33,8,2,22,5,143,1953,0
95,40479,0,0,4,0,3,0,1982,0
95,29440,3,0,7,8,4,4,1960,0
95,38508,54,2,8,19,5,19,1986,0
95,69520,93,6,5,120,5,80,1983,0
95,18701,10,0,5,4,4,6,1964,0
95,18701,10,0,5,4,4,6,1964,0
95,69901,149,3,5,21,10,92,1969,0
95,47703,123,3,5,0,8,26,1953,0
95,86037,22,7,3,44,11,20,1991,1
95,71847,210,7,3,21,9,63,1978,0
95,42033,7,0,7,1,2,0,1971,0
95,51983,30,2,7,0,10,7,1964,0
95,68655,38,5,3,19,11,118,1988,0
95,68655,38,5,3,19,11,118,1988,0
96,38285,1,0,2,0,3,0,1959,0
96,79419,31,6,2,127,4,15,1970,0
96,57338,17,1,5,6,5,8,1975,0
96,42523,35,1,2,36,4,26,1964,0
96,42523,35,1,2,36,4,26,1964,0
96,31761,28,0,5,1,4,14,1984,0
96,65747,13,1,6,17,6,13,1969,0
96,17144,6,0,7,2,4,2,1960,0
96,17144,6,0,7,2,4,2,1960,0
96,7500,7,1,6,5,4,10,1951,0
96,84618,0,9,2,100,10,66,1965,0
96,84618,0,9,2,100,10,66,1965,0
96,66375,191,4,7,0,5,0,1948,0
96,42213,20,1,7,3,7,3,1957,0
96,7500,124,5,4,65,7,71,1963,0
96,51141,6,1,5,0,4,0,1940,0
96,15072,18,1,5,2,3,10,1980,0
96,7500,9,0,8,11,3,6,1986,0
96,17117,7,1,9,23,3,18,1978,0
96,59754,139,2,5,27,6,146,1965,1
96,65569,70,5,3,46,10,38,1953,0
96,28457,14,1,8,1,4,29,1952,0
96,86857,40,6,2,102,10,102,1972,1
96,86857,40,6,2,102,10,102,1972,1
96,68142,37,4,6,126,7,112,1964,0
97,48794,15,0,4,0,3,0,1953,0
97,63404,17,3,4,26,4,44,1964,0
97,49669,29,1,6,5,6,8,1974,0
97,55761,32,1,6,1,3,3,1964,0
97,78331,61,6,4,138,7,169,1958,0
97,37971,7,0,8,4,3,2,1973,0
97,30368,2,0,8,0,3,0,1977,0
97,34043,10,0,9,2,2,0,1978,0
97,54111,50,2,5,6,6,3,1965,0
97,69932,57,6,4,172,11,105,1964,0
97,39665,31,2,7,1,3,1,1981,0
97,93404,15,4,5,15,7,0,1954,0
97,38680,12,0,7,0,3,5,1984,0
97,24570,44,0,9,34,4,14,1984,0
97,77766,27,10,6,59,11,59,1967,1
97,77766,27,10,6,59,11,59,1967,1
97,64961,38,4,3,114,4,124,1958,0
97,23748,8,1,8,6,3,15,1968,0
97,45989,12,2,3,33,7,24,1964,0
97,23331,5,1,9,20,5,15,1988,0
98,70421,35,3,6,28,7,14,1954,0
98,23091,2,1,7,0,3,0,1963,0
98,24683,6,0,5,4,4,7,1990,0
98,157243,1,22,0,2,0,2,1973,0
98,54222,7,3,3,12,5,12,1973,0
98,73455,20,5,3,61,10,163,1968,0
98,84906,76,6,2,15,12,30,1972,0
98,84906,76,6,2,15,12,30,1972,0
98,47025,29,1,9,11,6,5,1978,0
98,44529,26,2,5,13,11,6,1966,0
98,31560,7,1,8,1,3,0,1974,0
98,90687,51,2,2,17,8,34,1983,1
98,66973,102,7,3,22,12,113,1989,0
98,41154,7,0,5,2,4,3,1978,0
98,64590,30,4,6,138,10,46,1968,0
98,50611,4,5,6,0,7,0,1960,1
98,50611,4,5,6,0,7,0,1960,0
98,83273,102,6,7,89,9,102,1970,0
98,81702,187,7,3,50,12,31,1980,0
98,24401,115,1,8,28,6,24,1979,0
98,42557,15,1,8,5,4,5,1974,0
98,7500,34,1,9,17,3,14,1985,0
99,78416,183,7,3,38,10,38,1976,0
99,44794,4,0,6,0,3,0,1966,0
99,44794,4,0,6,0,3,0,1966,0
99,69719,43,3,1,86,5,14,1974,0
99,62568,61,3,4,17,5,35,1962,0
99,42231,4,0,5,0,3,1,1969,0
99,20130,12,0,8,6,3,6,1974,0
99,20130,12,0,8,6,3,6,1974,0
99,42429,4,1,5,0,3,0,1973,0
99,42429,4,1,5,0,3,0,1973,0
99,78901,34,3,4,11,5,26,1973,0
99,66476,78,2,4,18,11,48,1976,0
99,31056,16,0,8,10,3,8,1977,0
99,46310,14,1,8,2,5,5,1976,0
99,65819,63,4,3,38,10,165,1978,0
99,94871,144,5,7,24,4,0,1969,1
